-- phpMyAdmin SQL Dump
-- version 5.1.1
-- https://www.phpmyadmin.net/
--
-- Host: 127.0.0.1
-- Generation Time: Feb 21, 2024 at 11:15 AM
-- Server version: 10.4.19-MariaDB
-- PHP Version: 7.4.20

SET SQL_MODE = "NO_AUTO_VALUE_ON_ZERO";
START TRANSACTION;
SET time_zone = "+00:00";


/*!40101 SET @OLD_CHARACTER_SET_CLIENT=@@CHARACTER_SET_CLIENT */;
/*!40101 SET @OLD_CHARACTER_SET_RESULTS=@@CHARACTER_SET_RESULTS */;
/*!40101 SET @OLD_COLLATION_CONNECTION=@@COLLATION_CONNECTION */;
/*!40101 SET NAMES utf8mb4 */;

--
-- Database: `patientsky`
--

DELIMITER $$
--
-- Procedures
--
CREATE DEFINER=`root`@`localhost` PROCEDURE `usp_find_available_slots` (IN `calender_type` VARCHAR(50), IN `duration` INT(11), IN `start_date` DATETIME, IN `end_date` DATETIME)  READS SQL DATA
BEGIN

SELECT doctors_details.doctor_name,timeslots.timeslots_calendar_id,timeslots.timeslots_start,timeslots.timeslots_end,timeslots.timeslots_public_bookable FROM `timeslots`,`doctors_details` where timeslots.timeslots_start NOT IN (select start from `appointments_details`) AND timeslots.timeslots_start=start_date AND timeslots.timeslots_end=end_date AND doctors_details.calender_id=timeslots.timeslots_calendar_id AND timeslots.timeslots_calendar_id=calender_type;



END$$

CREATE DEFINER=`root`@`localhost` PROCEDURE `usp_read_calendar_list` ()  READS SQL DATA
BEGIN

SELECT timeslottypes.* FROM `timeslottypes`,`timeslots` WHERE `timeslots`.`timeslots_type_id`=timeslottypes.timeslottypes_id group by timeslottypes.timeslottypes_id;


END$$

CREATE DEFINER=`root`@`localhost` PROCEDURE `usp_read_doctors_list` ()  READS SQL DATA
BEGIN
select * from `doctors_details`;
END$$

DELIMITER ;

-- --------------------------------------------------------

--
-- Table structure for table `appointments_details`
--

CREATE TABLE `appointments_details` (
  `id` varchar(36) CHARACTER SET utf8 DEFAULT NULL,
  `patient_id` varchar(36) CHARACTER SET utf8 DEFAULT NULL,
  `calendar_id` varchar(36) CHARACTER SET utf8 DEFAULT NULL,
  `start` varchar(19) CHARACTER SET utf8 DEFAULT NULL,
  `end` varchar(19) CHARACTER SET utf8 DEFAULT NULL,
  `patient_comment` int(11) DEFAULT NULL,
  `note` int(11) DEFAULT NULL,
  `time_slot_type_id` varchar(36) CHARACTER SET utf8 DEFAULT NULL,
  `type_id` int(11) DEFAULT NULL,
  `state` int(11) DEFAULT NULL,
  `out_of_office_location` int(11) DEFAULT NULL,
  `out_of_office` varchar(5) CHARACTER SET utf8 DEFAULT NULL,
  `completed` varchar(4) CHARACTER SET utf8 DEFAULT NULL,
  `is_scheduled` varchar(5) CHARACTER SET utf8 DEFAULT NULL
) ENGINE=InnoDB DEFAULT CHARSET=utf8mb4;

--
-- Dumping data for table `appointments_details`
--

INSERT INTO `appointments_details` (`id`, `patient_id`, `calendar_id`, `start`, `end`, `patient_comment`, `note`, `time_slot_type_id`, `type_id`, `state`, `out_of_office_location`, `out_of_office`, `completed`, `is_scheduled`) VALUES
('1847c677-1be8-4e44-a84b-edd6751e8302', '1bee2bf0-9751-11e5-bc1b-c8e0eb18c1e9', '48cadf26-975e-11e5-b9c2-c8e0eb18c1e9', '2019-04-23T12:15:00', '2019-04-23T12:30:00', NULL, NULL, '452935de-975e-11e5-ae1a-c8e0eb18c1e9', NULL, 0, NULL, 'False', 'True', 'False'),
('bdad6fcd-d9d2-4418-aceb-ee3180f04450', '1bee2bf0-9751-11e5-bc1b-c8e0eb18c1e9', '48cadf26-975e-11e5-b9c2-c8e0eb18c1e9', '2019-04-23T18:30:00', '2019-04-23T18:45:00', NULL, NULL, '452935de-975e-11e5-ae1a-c8e0eb18c1e9', NULL, 0, NULL, 'False', 'True', 'False'),
('76f0b72c-6127-4efa-a783-56cdc71caa45', '1bc93318-9751-11e5-9d96-c8e0eb18c1e9', '48cadf26-975e-11e5-b9c2-c8e0eb18c1e9', '2019-04-23T19:00:00', '2019-04-23T19:15:00', NULL, NULL, '452935de-975e-11e5-ae1a-c8e0eb18c1e9', NULL, 4, NULL, 'False', 'True', 'False'),
('5f656045-c1a4-458f-89bf-62f2f04c2514', '1c718efa-9751-11e5-83ca-c8e0eb18c1e9', '48cadf26-975e-11e5-b9c2-c8e0eb18c1e9', '2019-04-24T09:45:00', '2019-04-24T10:15:00', NULL, NULL, '4529821e-975e-11e5-bbaf-c8e0eb18c1e9', NULL, 4, NULL, 'False', 'True', 'False'),
('158379e7-235a-4b0b-9878-9c0f52ca2b6c', '1bdb8194-9751-11e5-a2e7-c8e0eb18c1e9', '48cadf26-975e-11e5-b9c2-c8e0eb18c1e9', '2019-04-24T10:45:00', '2019-04-24T11:15:00', NULL, NULL, '4529821e-975e-11e5-bbaf-c8e0eb18c1e9', NULL, 0, NULL, 'False', 'True', 'False'),
('72281467-5596-46ed-8c32-b035aa424467', '1bae2f82-9751-11e5-940c-c8e0eb18c1e9', '48cadf26-975e-11e5-b9c2-c8e0eb18c1e9', '2019-04-24T12:30:00', '2019-04-24T12:45:00', NULL, NULL, '452935de-975e-11e5-ae1a-c8e0eb18c1e9', NULL, 0, NULL, 'False', 'True', 'False'),
('fbad3607-f01b-4d08-841b-ccc0c366eaa7', '1d12c266-9751-11e5-84b2-c8e0eb18c1e9', '48cadf26-975e-11e5-b9c2-c8e0eb18c1e9', '2019-04-24T13:00:00', '2019-04-24T13:30:00', NULL, NULL, '4529821e-975e-11e5-bbaf-c8e0eb18c1e9', NULL, 4, NULL, 'False', 'True', 'False'),
('2f1f87c5-b0ea-499b-9b85-29b08f5a7637', '1cabb83c-9751-11e5-9289-c8e0eb18c1e9', '48cadf26-975e-11e5-b9c2-c8e0eb18c1e9', '2019-04-24T14:00:00', '2019-04-24T14:30:00', NULL, NULL, '4529821e-975e-11e5-bbaf-c8e0eb18c1e9', NULL, 0, NULL, 'False', 'True', 'False'),
('c51dc11e-d57a-4aea-bfa3-3353ec797298', '1c718efa-9751-11e5-83ca-c8e0eb18c1e9', '48cadf26-975e-11e5-b9c2-c8e0eb18c1e9', '2019-04-24T15:00:00', '2019-04-24T15:30:00', NULL, NULL, '4529821e-975e-11e5-bbaf-c8e0eb18c1e9', NULL, 4, NULL, 'False', 'True', 'False'),
('fb4013a3-0f89-4237-a004-4ec1a114bf58', '1bdb8194-9751-11e5-a2e7-c8e0eb18c1e9', '48cadf26-975e-11e5-b9c2-c8e0eb18c1e9', '2019-04-24T16:30:00', '2019-04-24T16:45:00', NULL, NULL, '452935de-975e-11e5-ae1a-c8e0eb18c1e9', NULL, 0, NULL, 'False', 'True', 'False'),
('8144177b-7713-4459-be12-5b5b15697a07', '1c87d958-9751-11e5-9a51-c8e0eb18c1e9', '48cadf26-975e-11e5-b9c2-c8e0eb18c1e9', '2019-04-24T16:45:00', '2019-04-24T17:15:00', NULL, NULL, '4529821e-975e-11e5-bbaf-c8e0eb18c1e9', NULL, 0, NULL, 'False', 'True', 'False'),
('673d7fa4-b440-44e8-a31d-e2b6cdd62213', '1c1809b6-9751-11e5-85f0-c8e0eb18c1e9', '48cadf26-975e-11e5-b9c2-c8e0eb18c1e9', '2019-04-24T17:45:00', '2019-04-24T18:15:00', NULL, NULL, '4529821e-975e-11e5-bbaf-c8e0eb18c1e9', NULL, 4, NULL, 'False', 'True', 'False'),
('d1f20df4-cf88-4083-b534-2427f871e5d4', '00000000-0000-4000-a001-000000000001', '48cadf26-975e-11e5-b9c2-c8e0eb18c1e9', '2019-04-24T19:15:00', '2019-04-24T19:45:00', NULL, NULL, '4529821e-975e-11e5-bbaf-c8e0eb18c1e9', NULL, 4, NULL, 'False', 'True', 'False'),
('658524f4-417b-4cb5-a4b7-ebc1a8186cc3', '1c87d958-9751-11e5-9a51-c8e0eb18c1e9', '48cadf26-975e-11e5-b9c2-c8e0eb18c1e9', '2019-04-25T08:00:00', '2019-04-25T08:30:00', NULL, NULL, '4529821e-975e-11e5-bbaf-c8e0eb18c1e9', NULL, 4, NULL, 'False', 'True', 'False'),
('68b12f01-9437-416a-9a48-7d98f8aac1e4', '1c87d958-9751-11e5-9a51-c8e0eb18c1e9', '48cadf26-975e-11e5-b9c2-c8e0eb18c1e9', '2019-04-25T10:00:00', '2019-04-25T10:30:00', NULL, NULL, '4529821e-975e-11e5-bbaf-c8e0eb18c1e9', NULL, 0, NULL, 'False', 'True', 'False'),
('c02525be-7b49-4549-99af-2749298c17e1', '1bc93318-9751-11e5-9d96-c8e0eb18c1e9', '48cadf26-975e-11e5-b9c2-c8e0eb18c1e9', '2019-04-25T11:30:00', '2019-04-25T12:00:00', NULL, NULL, '4529821e-975e-11e5-bbaf-c8e0eb18c1e9', NULL, 0, NULL, 'False', 'True', 'False'),
('39f5ad02-f42a-469f-ba24-b0c099139a94', '1cc65052-9751-11e5-8d84-c8e0eb18c1e9', '48cadf26-975e-11e5-b9c2-c8e0eb18c1e9', '2019-04-25T13:00:00', '2019-04-25T13:30:00', NULL, NULL, '4529821e-975e-11e5-bbaf-c8e0eb18c1e9', NULL, 4, NULL, 'False', 'True', 'False'),
('f14703a5-fec5-4c95-ab70-8929dc305f65', '1cc65052-9751-11e5-8d84-c8e0eb18c1e9', '48cadf26-975e-11e5-b9c2-c8e0eb18c1e9', '2019-04-25T15:30:00', '2019-04-25T15:45:00', NULL, NULL, '452935de-975e-11e5-ae1a-c8e0eb18c1e9', NULL, 4, NULL, 'False', 'True', 'False'),
('e7de024c-04e6-44b6-bedc-7c97e73fa9c8', '1c87d958-9751-11e5-9a51-c8e0eb18c1e9', '48cadf26-975e-11e5-b9c2-c8e0eb18c1e9', '2019-04-25T16:00:00', '2019-04-25T16:15:00', NULL, NULL, '452935de-975e-11e5-ae1a-c8e0eb18c1e9', NULL, 0, NULL, 'False', 'True', 'False'),
('86e5ed8d-d4fd-46bf-a16b-596014392810', '1b94f86e-9751-11e5-bbe0-c8e0eb18c1e9', '48cadf26-975e-11e5-b9c2-c8e0eb18c1e9', '2019-04-26T08:30:00', '2019-04-26T08:45:00', NULL, NULL, '452935de-975e-11e5-ae1a-c8e0eb18c1e9', NULL, 4, NULL, 'False', 'True', 'False'),
('f613b9f2-8d73-4bd2-8fa7-e72213976aa9', '00000000-0000-4000-a001-000000000001', '48cadf26-975e-11e5-b9c2-c8e0eb18c1e9', '2019-04-26T11:15:00', '2019-04-26T11:45:00', NULL, NULL, '4529821e-975e-11e5-bbaf-c8e0eb18c1e9', NULL, 0, NULL, 'False', 'True', 'False'),
('d0331d9f-bfdd-4562-8d67-c77004e92633', '1bc93318-9751-11e5-9d96-c8e0eb18c1e9', '48cadf26-975e-11e5-b9c2-c8e0eb18c1e9', '2019-04-26T12:15:00', '2019-04-26T12:45:00', NULL, NULL, '4529821e-975e-11e5-bbaf-c8e0eb18c1e9', NULL, 4, NULL, 'False', 'True', 'False'),
('226b32be-1178-4dd0-b9c8-bcda32966f43', '1bdb8194-9751-11e5-a2e7-c8e0eb18c1e9', '48cadf26-975e-11e5-b9c2-c8e0eb18c1e9', '2019-04-26T12:45:00', '2019-04-26T13:15:00', NULL, NULL, '4529821e-975e-11e5-bbaf-c8e0eb18c1e9', NULL, 0, NULL, 'False', 'True', 'False'),
('12db3e69-c5e7-481e-9be9-23555a1a4c5b', '1bae2f82-9751-11e5-940c-c8e0eb18c1e9', '48cadf26-975e-11e5-b9c2-c8e0eb18c1e9', '2019-04-26T14:45:00', '2019-04-26T15:00:00', NULL, NULL, '452935de-975e-11e5-ae1a-c8e0eb18c1e9', NULL, 0, NULL, 'False', 'True', 'False'),
('f0b5ed3a-10d9-4d4f-b6df-85ac202ea524', '1cefeb10-9751-11e5-95e2-c8e0eb18c1e9', '48cadf26-975e-11e5-b9c2-c8e0eb18c1e9', '2019-04-26T15:15:00', '2019-04-26T15:30:00', NULL, NULL, '452935de-975e-11e5-ae1a-c8e0eb18c1e9', NULL, 0, NULL, 'False', 'True', 'False'),
('82737976-f1a7-45bf-9091-4f7692ed95ea', '1cc65052-9751-11e5-8d84-c8e0eb18c1e9', '48cadf26-975e-11e5-b9c2-c8e0eb18c1e9', '2019-04-26T17:15:00', '2019-04-26T17:30:00', NULL, NULL, '452935de-975e-11e5-ae1a-c8e0eb18c1e9', NULL, 0, NULL, 'False', 'True', 'False'),
('7410de62-1d86-47c2-ae1a-5d6294561088', '1cabb83c-9751-11e5-9289-c8e0eb18c1e9', '48cadf26-975e-11e5-b9c2-c8e0eb18c1e9', '2019-04-26T18:15:00', '2019-04-26T18:30:00', NULL, NULL, '452935de-975e-11e5-ae1a-c8e0eb18c1e9', NULL, 0, NULL, 'False', 'True', 'False'),
('faa2a5d0-7a6d-4a1f-b548-abd4e506e44a', '1d12c266-9751-11e5-84b2-c8e0eb18c1e9', '48cadf26-975e-11e5-b9c2-c8e0eb18c1e9', '2019-04-26T19:00:00', '2019-04-26T19:15:00', NULL, NULL, '452935de-975e-11e5-ae1a-c8e0eb18c1e9', NULL, 0, NULL, 'False', 'True', 'False'),
('f3a0ed31-0472-45f8-a19e-882200c588ec', '00000000-0000-4000-a001-000000000001', '48cadf26-975e-11e5-b9c2-c8e0eb18c1e9', '2019-04-26T19:30:00', '2019-04-26T19:45:00', NULL, NULL, '452935de-975e-11e5-ae1a-c8e0eb18c1e9', NULL, 0, NULL, 'False', 'True', 'False'),
('58bf7894-18bd-45fb-a7da-ec10feb74474', '1bae2f82-9751-11e5-940c-c8e0eb18c1e9', '48cadf26-975e-11e5-b9c2-c8e0eb18c1e9', '2019-04-26T19:45:00', '2019-04-26T20:00:00', NULL, NULL, '452935de-975e-11e5-ae1a-c8e0eb18c1e9', NULL, 0, NULL, 'False', 'True', 'False'),
('5dff4c5a-d3d0-4db3-9fdd-30a6fd6c025e', '1cd7c8d2-9751-11e5-822f-c8e0eb18c1e9', '48cadf26-975e-11e5-b9c2-c8e0eb18c1e9', '2019-04-27T08:30:00', '2019-04-27T08:45:00', NULL, NULL, '452935de-975e-11e5-ae1a-c8e0eb18c1e9', NULL, 0, NULL, 'False', 'True', 'False'),
('ae1194c8-2710-4a40-b4f8-3b20ec5085b9', '1cefeb10-9751-11e5-95e2-c8e0eb18c1e9', '48cadf26-975e-11e5-b9c2-c8e0eb18c1e9', '2019-04-27T09:00:00', '2019-04-27T09:15:00', NULL, NULL, '452935de-975e-11e5-ae1a-c8e0eb18c1e9', NULL, 0, NULL, 'False', 'True', 'False'),
('c2ef5908-8bdb-4afb-aa70-ce8ded344204', '1c1809b6-9751-11e5-85f0-c8e0eb18c1e9', '48cadf26-975e-11e5-b9c2-c8e0eb18c1e9', '2019-04-27T09:30:00', '2019-04-27T09:45:00', NULL, NULL, '452935de-975e-11e5-ae1a-c8e0eb18c1e9', NULL, 4, NULL, 'False', 'True', 'False'),
('96c6a557-a301-4349-a333-d020b13d14c3', '1cfeee58-9751-11e5-9c8d-c8e0eb18c1e9', '48cadf26-975e-11e5-b9c2-c8e0eb18c1e9', '2019-04-27T10:00:00', '2019-04-27T10:15:00', NULL, NULL, '452935de-975e-11e5-ae1a-c8e0eb18c1e9', NULL, 4, NULL, 'False', 'True', 'False'),
('dcada589-5c51-48ef-8f08-3704149126bf', '1bc93318-9751-11e5-9d96-c8e0eb18c1e9', '48cadf26-975e-11e5-b9c2-c8e0eb18c1e9', '2019-04-27T10:15:00', '2019-04-27T10:30:00', NULL, NULL, '452935de-975e-11e5-ae1a-c8e0eb18c1e9', NULL, 4, NULL, 'False', 'True', 'False'),
('ed4ea5ed-233e-4bb7-bac7-3412900a6dc7', '1cfeee58-9751-11e5-9c8d-c8e0eb18c1e9', '48cadf26-975e-11e5-b9c2-c8e0eb18c1e9', '2019-04-27T11:45:00', '2019-04-27T12:15:00', NULL, NULL, '4529821e-975e-11e5-bbaf-c8e0eb18c1e9', NULL, 0, NULL, 'False', 'True', 'False'),
('de17c0b3-4e28-4ac4-8a22-4405f0d6746d', '1c87d958-9751-11e5-9a51-c8e0eb18c1e9', '48cadf26-975e-11e5-b9c2-c8e0eb18c1e9', '2019-04-27T17:15:00', '2019-04-27T17:30:00', NULL, NULL, '452935de-975e-11e5-ae1a-c8e0eb18c1e9', NULL, 0, NULL, 'False', 'True', 'False'),
('cd0c1611-4dc9-4b07-bcde-0809bd036a65', '1bc93318-9751-11e5-9d96-c8e0eb18c1e9', '48cadf26-975e-11e5-b9c2-c8e0eb18c1e9', '2019-04-27T18:00:00', '2019-04-27T18:15:00', NULL, NULL, '452935de-975e-11e5-ae1a-c8e0eb18c1e9', NULL, 0, NULL, 'False', 'True', 'False'),
('4617136e-36b4-489b-8f92-cab168a94089', '1c718efa-9751-11e5-83ca-c8e0eb18c1e9', '48cadf26-975e-11e5-b9c2-c8e0eb18c1e9', '2019-04-27T19:30:00', '2019-04-27T19:45:00', NULL, NULL, '452935de-975e-11e5-ae1a-c8e0eb18c1e9', NULL, 0, NULL, 'False', 'True', 'False'),
('2faea810-8e14-4d45-b075-4d78528183f3', '1cfeee58-9751-11e5-9c8d-c8e0eb18c1e9', '452dccfc-975e-11e5-bfa5-c8e0eb18c1e9', '2019-04-23T08:00:00', '2019-04-23T08:30:00', NULL, NULL, '4529821e-975e-11e5-bbaf-c8e0eb18c1e9', NULL, 0, NULL, 'False', 'True', 'False'),
('7e4dd825-5142-4ceb-b4a0-5072f88d8989', '1cc65052-9751-11e5-8d84-c8e0eb18c1e9', '452dccfc-975e-11e5-bfa5-c8e0eb18c1e9', '2019-04-23T08:30:00', '2019-04-23T09:00:00', NULL, NULL, '4529821e-975e-11e5-bbaf-c8e0eb18c1e9', NULL, 0, NULL, 'False', 'True', 'False'),
('e5df13cf-32c9-4358-9581-d3089434389e', '1b94f86e-9751-11e5-bbe0-c8e0eb18c1e9', '452dccfc-975e-11e5-bfa5-c8e0eb18c1e9', '2019-04-23T10:30:00', '2019-04-23T11:00:00', NULL, NULL, '4529821e-975e-11e5-bbaf-c8e0eb18c1e9', NULL, 4, NULL, 'False', 'True', 'False'),
('a8322cfb-f58f-4916-b523-383f80f9ab31', '1cfeee58-9751-11e5-9c8d-c8e0eb18c1e9', '452dccfc-975e-11e5-bfa5-c8e0eb18c1e9', '2019-04-23T12:30:00', '2019-04-23T13:00:00', NULL, NULL, '4529821e-975e-11e5-bbaf-c8e0eb18c1e9', NULL, 0, NULL, 'False', 'True', 'False'),
('f0c1040f-cac1-48e5-ac97-1ac7b7c37c6e', '1cc65052-9751-11e5-8d84-c8e0eb18c1e9', '452dccfc-975e-11e5-bfa5-c8e0eb18c1e9', '2019-04-23T13:30:00', '2019-04-23T14:00:00', NULL, NULL, '4529821e-975e-11e5-bbaf-c8e0eb18c1e9', NULL, 0, NULL, 'False', 'True', 'False'),
('9c2b7154-899d-4413-9dd8-bf2abd2f0b94', '1cefeb10-9751-11e5-95e2-c8e0eb18c1e9', '452dccfc-975e-11e5-bfa5-c8e0eb18c1e9', '2019-04-23T15:30:00', '2019-04-23T15:45:00', NULL, NULL, '452935de-975e-11e5-ae1a-c8e0eb18c1e9', NULL, 0, NULL, 'False', 'True', 'False'),
('6fafcbcd-e36a-4424-89a5-c831071c17d7', '00000000-0000-4000-a001-000000000001', '452dccfc-975e-11e5-bfa5-c8e0eb18c1e9', '2019-04-23T17:00:00', '2019-04-23T17:15:00', NULL, NULL, '452935de-975e-11e5-ae1a-c8e0eb18c1e9', NULL, 0, NULL, 'False', 'True', 'False'),
('93d07bca-5ef0-49b5-8777-fb0ef4705bde', '1bdb8194-9751-11e5-a2e7-c8e0eb18c1e9', '452dccfc-975e-11e5-bfa5-c8e0eb18c1e9', '2019-04-23T17:15:00', '2019-04-23T17:30:00', NULL, NULL, '452935de-975e-11e5-ae1a-c8e0eb18c1e9', NULL, 0, NULL, 'False', 'True', 'False'),
('07247f78-8990-4a5a-9326-6e42d175160b', '1c2dfb36-9751-11e5-b75d-c8e0eb18c1e9', '452dccfc-975e-11e5-bfa5-c8e0eb18c1e9', '2019-04-23T18:45:00', '2019-04-23T19:00:00', NULL, NULL, '452935de-975e-11e5-ae1a-c8e0eb18c1e9', NULL, 0, NULL, 'False', 'True', 'False'),
('18be1f6c-85a9-4fb6-a09f-a9ad17633f9d', '1bbbd45c-9751-11e5-a3c5-c8e0eb18c1e9', '452dccfc-975e-11e5-bfa5-c8e0eb18c1e9', '2019-04-23T19:00:00', '2019-04-23T19:15:00', NULL, NULL, '452935de-975e-11e5-ae1a-c8e0eb18c1e9', NULL, 4, NULL, 'False', 'True', 'False'),
('dd7217a1-87de-41a4-a3d8-f015e9bfc0ce', '1c98afbc-9751-11e5-a5ff-c8e0eb18c1e9', '452dccfc-975e-11e5-bfa5-c8e0eb18c1e9', '2019-04-23T19:15:00', '2019-04-23T19:30:00', NULL, NULL, '452935de-975e-11e5-ae1a-c8e0eb18c1e9', NULL, 0, NULL, 'False', 'True', 'False'),
('e343cdd6-4a3c-45bb-a210-4d6fdefb8245', '1cd7c8d2-9751-11e5-822f-c8e0eb18c1e9', '452dccfc-975e-11e5-bfa5-c8e0eb18c1e9', '2019-04-23T19:30:00', '2019-04-23T19:45:00', NULL, NULL, '452935de-975e-11e5-ae1a-c8e0eb18c1e9', NULL, 4, NULL, 'False', 'True', 'False'),
('cf8079c5-094a-4b81-a3d0-748acaeff19d', '1c4287ae-9751-11e5-8abd-c8e0eb18c1e9', '452dccfc-975e-11e5-bfa5-c8e0eb18c1e9', '2019-04-23T19:45:00', '2019-04-23T20:00:00', NULL, NULL, '452935de-975e-11e5-ae1a-c8e0eb18c1e9', NULL, 0, NULL, 'False', 'True', 'False'),
('30b92450-38ca-4b0d-8e10-878e455790cf', '00000000-0000-4000-a001-000000000001', '452dccfc-975e-11e5-bfa5-c8e0eb18c1e9', '2019-04-24T08:00:00', '2019-04-24T08:30:00', NULL, NULL, '4529821e-975e-11e5-bbaf-c8e0eb18c1e9', NULL, 4, NULL, 'False', 'True', 'False'),
('8d24ba59-ea72-4740-a8ab-9d70e9d67aa8', '1cfeee58-9751-11e5-9c8d-c8e0eb18c1e9', '452dccfc-975e-11e5-bfa5-c8e0eb18c1e9', '2019-04-24T08:30:00', '2019-04-24T09:00:00', NULL, NULL, '4529821e-975e-11e5-bbaf-c8e0eb18c1e9', NULL, 0, NULL, 'False', 'True', 'False'),
('1db76ba6-fb97-427e-b333-50565d6224a2', '1bbbd45c-9751-11e5-a3c5-c8e0eb18c1e9', '452dccfc-975e-11e5-bfa5-c8e0eb18c1e9', '2019-04-24T09:00:00', '2019-04-24T09:30:00', NULL, NULL, '4529821e-975e-11e5-bbaf-c8e0eb18c1e9', NULL, 0, NULL, 'False', 'True', 'False'),
('2b08fae0-0aa5-4f5d-8d37-988f7af3702c', '1d248ab4-9751-11e5-b983-c8e0eb18c1e9', '452dccfc-975e-11e5-bfa5-c8e0eb18c1e9', '2019-04-24T09:30:00', '2019-04-24T10:00:00', NULL, NULL, '4529821e-975e-11e5-bbaf-c8e0eb18c1e9', NULL, 0, NULL, 'False', 'True', 'False'),
('8da64599-5edf-41dd-a00e-1427778fc4fd', '1bbbd45c-9751-11e5-a3c5-c8e0eb18c1e9', '452dccfc-975e-11e5-bfa5-c8e0eb18c1e9', '2019-04-24T10:00:00', '2019-04-24T10:30:00', NULL, NULL, '4529821e-975e-11e5-bbaf-c8e0eb18c1e9', NULL, 4, NULL, 'False', 'True', 'False'),
('5ef0d57b-bb02-4167-8219-944ee50d3e18', '1c87d958-9751-11e5-9a51-c8e0eb18c1e9', '452dccfc-975e-11e5-bfa5-c8e0eb18c1e9', '2019-04-24T10:45:00', '2019-04-24T11:00:00', NULL, NULL, '452935de-975e-11e5-ae1a-c8e0eb18c1e9', NULL, 4, NULL, 'False', 'True', 'False'),
('48a5bba0-0273-40a0-a860-bb62baf2dd57', '1bee2bf0-9751-11e5-bc1b-c8e0eb18c1e9', '452dccfc-975e-11e5-bfa5-c8e0eb18c1e9', '2019-04-24T12:15:00', '2019-04-24T12:45:00', NULL, NULL, '4529821e-975e-11e5-bbaf-c8e0eb18c1e9', NULL, 4, NULL, 'False', 'True', 'False'),
('b11199cd-1b63-4d2e-95e2-068364a5d7c3', '1c87d958-9751-11e5-9a51-c8e0eb18c1e9', '452dccfc-975e-11e5-bfa5-c8e0eb18c1e9', '2019-04-24T12:45:00', '2019-04-24T13:15:00', NULL, NULL, '4529821e-975e-11e5-bbaf-c8e0eb18c1e9', NULL, 0, NULL, 'False', 'True', 'False'),
('e58adf7a-7caf-49a4-b785-d0969579af04', '1bdb8194-9751-11e5-a2e7-c8e0eb18c1e9', '452dccfc-975e-11e5-bfa5-c8e0eb18c1e9', '2019-04-24T13:15:00', '2019-04-24T13:45:00', NULL, NULL, '4529821e-975e-11e5-bbaf-c8e0eb18c1e9', NULL, 0, NULL, 'False', 'True', 'False'),
('5dd2f342-2c95-4cbb-9d44-fcefa3ce7943', '00000000-0000-4000-a001-000000000001', '452dccfc-975e-11e5-bfa5-c8e0eb18c1e9', '2019-04-24T14:15:00', '2019-04-24T14:45:00', NULL, NULL, '4529821e-975e-11e5-bbaf-c8e0eb18c1e9', NULL, 4, NULL, 'False', 'True', 'False'),
('f614fdd8-31be-4994-9469-439cebc03a79', '1cefeb10-9751-11e5-95e2-c8e0eb18c1e9', '452dccfc-975e-11e5-bfa5-c8e0eb18c1e9', '2019-04-24T17:15:00', '2019-04-24T17:45:00', NULL, NULL, '4529821e-975e-11e5-bbaf-c8e0eb18c1e9', NULL, 0, NULL, 'False', 'True', 'False'),
('ca149819-8e5f-4514-8a40-d2fa1f52efc8', '1b94f86e-9751-11e5-bbe0-c8e0eb18c1e9', '452dccfc-975e-11e5-bfa5-c8e0eb18c1e9', '2019-04-24T18:15:00', '2019-04-24T18:45:00', NULL, NULL, '4529821e-975e-11e5-bbaf-c8e0eb18c1e9', NULL, 0, NULL, 'False', 'True', 'False'),
('1b16edf2-249b-4623-8e52-913313975359', '1cefeb10-9751-11e5-95e2-c8e0eb18c1e9', '452dccfc-975e-11e5-bfa5-c8e0eb18c1e9', '2019-04-24T18:45:00', '2019-04-24T19:15:00', NULL, NULL, '4529821e-975e-11e5-bbaf-c8e0eb18c1e9', NULL, 0, NULL, 'False', 'True', 'False'),
('82d0fe9b-dea6-4d24-9209-8cdcbea40ffd', '1cd7c8d2-9751-11e5-822f-c8e0eb18c1e9', '452dccfc-975e-11e5-bfa5-c8e0eb18c1e9', '2019-04-24T19:15:00', '2019-04-24T19:45:00', NULL, NULL, '4529821e-975e-11e5-bbaf-c8e0eb18c1e9', NULL, 4, NULL, 'False', 'True', 'False'),
('24f641c7-75d4-4c7a-94c8-a8708f753aa6', '1d248ab4-9751-11e5-b983-c8e0eb18c1e9', '452dccfc-975e-11e5-bfa5-c8e0eb18c1e9', '2019-04-24T19:45:00', '2019-04-24T20:15:00', NULL, NULL, '4529821e-975e-11e5-bbaf-c8e0eb18c1e9', NULL, 4, NULL, 'False', 'True', 'False'),
('d0333b45-cd66-4f22-95ea-f4fe05a25df5', '1d248ab4-9751-11e5-b983-c8e0eb18c1e9', '452dccfc-975e-11e5-bfa5-c8e0eb18c1e9', '2019-04-25T09:30:00', '2019-04-25T10:00:00', NULL, NULL, '4529821e-975e-11e5-bbaf-c8e0eb18c1e9', NULL, 0, NULL, 'False', 'True', 'False'),
('240896e3-a9d1-4b38-88e8-6d643cb7cb64', '1bee2bf0-9751-11e5-bc1b-c8e0eb18c1e9', '452dccfc-975e-11e5-bfa5-c8e0eb18c1e9', '2019-04-25T10:30:00', '2019-04-25T11:00:00', NULL, NULL, '4529821e-975e-11e5-bbaf-c8e0eb18c1e9', NULL, 4, NULL, 'False', 'True', 'False'),
('3ef5a6c7-be2a-44e9-aebe-87ab28a85d72', '00000000-0000-4000-a001-000000000001', '452dccfc-975e-11e5-bfa5-c8e0eb18c1e9', '2019-04-25T13:30:00', '2019-04-25T14:00:00', NULL, NULL, '4529821e-975e-11e5-bbaf-c8e0eb18c1e9', NULL, 4, NULL, 'False', 'True', 'False'),
('01614257-6e22-4a7f-8a2c-e64759efc547', '1cfeee58-9751-11e5-9c8d-c8e0eb18c1e9', '452dccfc-975e-11e5-bfa5-c8e0eb18c1e9', '2019-04-25T14:30:00', '2019-04-25T15:00:00', NULL, NULL, '4529821e-975e-11e5-bbaf-c8e0eb18c1e9', NULL, 0, NULL, 'False', 'True', 'False'),
('6a09be95-cdc6-4826-a341-2fc9348942a3', '1c1809b6-9751-11e5-85f0-c8e0eb18c1e9', '452dccfc-975e-11e5-bfa5-c8e0eb18c1e9', '2019-04-25T16:15:00', '2019-04-25T16:30:00', NULL, NULL, '452935de-975e-11e5-ae1a-c8e0eb18c1e9', NULL, 0, NULL, 'False', 'True', 'False'),
('a83d42a7-eaf0-4aac-b564-662edc842db3', '1cabb83c-9751-11e5-9289-c8e0eb18c1e9', '452dccfc-975e-11e5-bfa5-c8e0eb18c1e9', '2019-04-25T17:00:00', '2019-04-25T17:15:00', NULL, NULL, '452935de-975e-11e5-ae1a-c8e0eb18c1e9', NULL, 0, NULL, 'False', 'True', 'False'),
('17cd2f0f-7ec4-4527-aac1-a4c9612e580d', '1b94f86e-9751-11e5-bbe0-c8e0eb18c1e9', '452dccfc-975e-11e5-bfa5-c8e0eb18c1e9', '2019-04-25T18:00:00', '2019-04-25T18:15:00', NULL, NULL, '452935de-975e-11e5-ae1a-c8e0eb18c1e9', NULL, 4, NULL, 'False', 'True', 'False'),
('253e9091-7df3-40e5-87e2-879d15207e81', '1c1809b6-9751-11e5-85f0-c8e0eb18c1e9', '452dccfc-975e-11e5-bfa5-c8e0eb18c1e9', '2019-04-25T18:30:00', '2019-04-25T18:45:00', NULL, NULL, '452935de-975e-11e5-ae1a-c8e0eb18c1e9', NULL, 0, NULL, 'False', 'True', 'False'),
('9f6f1a9d-5737-4f47-a3e4-515851745e40', '00000000-0000-4000-a001-000000000001', '452dccfc-975e-11e5-bfa5-c8e0eb18c1e9', '2019-04-26T08:00:00', '2019-04-26T08:30:00', NULL, NULL, '4529821e-975e-11e5-bbaf-c8e0eb18c1e9', NULL, 4, NULL, 'False', 'True', 'False'),
('0602b4de-cf6d-4033-83c5-46c968cfe947', '1b94f86e-9751-11e5-bbe0-c8e0eb18c1e9', '452dccfc-975e-11e5-bfa5-c8e0eb18c1e9', '2019-04-26T09:30:00', '2019-04-26T10:00:00', NULL, NULL, '4529821e-975e-11e5-bbaf-c8e0eb18c1e9', NULL, 0, NULL, 'False', 'True', 'False'),
('31b8c304-9bdd-4362-bce1-a4371c569802', '1bbbd45c-9751-11e5-a3c5-c8e0eb18c1e9', '452dccfc-975e-11e5-bfa5-c8e0eb18c1e9', '2019-04-26T14:00:00', '2019-04-26T14:30:00', NULL, NULL, '4529821e-975e-11e5-bbaf-c8e0eb18c1e9', NULL, 4, NULL, 'False', 'True', 'False'),
('12cbb63f-4ea0-4e07-9ace-05bb30c8e690', '1bc93318-9751-11e5-9d96-c8e0eb18c1e9', '452dccfc-975e-11e5-bfa5-c8e0eb18c1e9', '2019-04-26T14:30:00', '2019-04-26T15:00:00', NULL, NULL, '4529821e-975e-11e5-bbaf-c8e0eb18c1e9', NULL, 0, NULL, 'False', 'True', 'False'),
('6c6df5d4-1d92-4586-8dc2-36baca384e74', '1c87d958-9751-11e5-9a51-c8e0eb18c1e9', '452dccfc-975e-11e5-bfa5-c8e0eb18c1e9', '2019-04-26T15:00:00', '2019-04-26T15:30:00', NULL, NULL, '4529821e-975e-11e5-bbaf-c8e0eb18c1e9', NULL, 0, NULL, 'False', 'True', 'False'),
('cf26b14a-1896-4fbd-b026-ac9d7bf8307a', '1bbbd45c-9751-11e5-a3c5-c8e0eb18c1e9', '452dccfc-975e-11e5-bfa5-c8e0eb18c1e9', '2019-04-26T17:00:00', '2019-04-26T17:30:00', NULL, NULL, '4529821e-975e-11e5-bbaf-c8e0eb18c1e9', NULL, 0, NULL, 'False', 'True', 'False'),
('e218cea8-0cff-4b27-abc7-9cc40edf756b', '1cc65052-9751-11e5-8d84-c8e0eb18c1e9', '452dccfc-975e-11e5-bfa5-c8e0eb18c1e9', '2019-04-26T17:30:00', '2019-04-26T18:00:00', NULL, NULL, '4529821e-975e-11e5-bbaf-c8e0eb18c1e9', NULL, 0, NULL, 'False', 'True', 'False'),
('410ce8e6-50d0-412b-8b17-a7d6950016d5', '1bae2f82-9751-11e5-940c-c8e0eb18c1e9', '452dccfc-975e-11e5-bfa5-c8e0eb18c1e9', '2019-04-26T19:15:00', '2019-04-26T19:45:00', NULL, NULL, '4529821e-975e-11e5-bbaf-c8e0eb18c1e9', NULL, 0, NULL, 'False', 'True', 'False'),
('460b5c7b-bc52-48f8-9aa5-a244adad0b50', '1bae2f82-9751-11e5-940c-c8e0eb18c1e9', '452dccfc-975e-11e5-bfa5-c8e0eb18c1e9', '2019-04-27T08:30:00', '2019-04-27T09:00:00', NULL, NULL, '4529821e-975e-11e5-bbaf-c8e0eb18c1e9', NULL, 0, NULL, 'False', 'True', 'False'),
('454f0d74-45a6-4763-b1ae-138684d47cbe', '1bee2bf0-9751-11e5-bc1b-c8e0eb18c1e9', '452dccfc-975e-11e5-bfa5-c8e0eb18c1e9', '2019-04-27T09:30:00', '2019-04-27T10:00:00', NULL, NULL, '4529821e-975e-11e5-bbaf-c8e0eb18c1e9', NULL, 4, NULL, 'False', 'True', 'False'),
('7cd91829-ef09-436f-95d0-92ad8a39e374', '00000000-0000-4000-a001-000000000001', '452dccfc-975e-11e5-bfa5-c8e0eb18c1e9', '2019-04-27T10:45:00', '2019-04-27T11:00:00', NULL, NULL, '452935de-975e-11e5-ae1a-c8e0eb18c1e9', NULL, 0, NULL, 'False', 'True', 'False'),
('31751a78-427d-4009-976d-f088b4379b5e', '1d248ab4-9751-11e5-b983-c8e0eb18c1e9', '452dccfc-975e-11e5-bfa5-c8e0eb18c1e9', '2019-04-27T11:45:00', '2019-04-27T12:15:00', NULL, NULL, '4529821e-975e-11e5-bbaf-c8e0eb18c1e9', NULL, 0, NULL, 'False', 'True', 'False'),
('ca706692-8a64-416e-9c90-5222ce61e23c', '1cfeee58-9751-11e5-9c8d-c8e0eb18c1e9', '452dccfc-975e-11e5-bfa5-c8e0eb18c1e9', '2019-04-27T12:15:00', '2019-04-27T12:45:00', NULL, NULL, '4529821e-975e-11e5-bbaf-c8e0eb18c1e9', NULL, 4, NULL, 'False', 'True', 'False'),
('de813263-4c3a-4463-8597-165ad57ec81d', '1bbbd45c-9751-11e5-a3c5-c8e0eb18c1e9', '452dccfc-975e-11e5-bfa5-c8e0eb18c1e9', '2019-04-27T13:15:00', '2019-04-27T13:45:00', NULL, NULL, '4529821e-975e-11e5-bbaf-c8e0eb18c1e9', NULL, 0, NULL, 'False', 'True', 'False'),
('98bb31b5-bec3-4d0a-ac22-4b5cc65dec74', '1bdb8194-9751-11e5-a2e7-c8e0eb18c1e9', '452dccfc-975e-11e5-bfa5-c8e0eb18c1e9', '2019-04-27T14:15:00', '2019-04-27T14:30:00', NULL, NULL, '452935de-975e-11e5-ae1a-c8e0eb18c1e9', NULL, 0, NULL, 'False', 'True', 'False'),
('5cdc38e1-41b7-4d8c-8222-389f5a975e6e', '1bae2f82-9751-11e5-940c-c8e0eb18c1e9', '452dccfc-975e-11e5-bfa5-c8e0eb18c1e9', '2019-04-27T14:45:00', '2019-04-27T15:00:00', NULL, NULL, '452935de-975e-11e5-ae1a-c8e0eb18c1e9', NULL, 0, NULL, 'False', 'True', 'False'),
('7cb4c31b-4d33-4258-b83f-f71a20b1cc3c', '1bc93318-9751-11e5-9d96-c8e0eb18c1e9', '452dccfc-975e-11e5-bfa5-c8e0eb18c1e9', '2019-04-27T15:15:00', '2019-04-27T15:30:00', NULL, NULL, '452935de-975e-11e5-ae1a-c8e0eb18c1e9', NULL, 0, NULL, 'False', 'True', 'False'),
('fdc9c6fa-0bf3-4ce6-9879-c38d5fa1e586', '1cefeb10-9751-11e5-95e2-c8e0eb18c1e9', '452dccfc-975e-11e5-bfa5-c8e0eb18c1e9', '2019-04-27T17:00:00', '2019-04-27T17:30:00', NULL, NULL, '4529821e-975e-11e5-bbaf-c8e0eb18c1e9', NULL, 0, NULL, 'False', 'True', 'False'),
('c9de4fb2-9b9f-4db4-9493-7777cf624ff6', '1bc93318-9751-11e5-9d96-c8e0eb18c1e9', '452dccfc-975e-11e5-bfa5-c8e0eb18c1e9', '2019-04-27T18:15:00', '2019-04-27T18:30:00', NULL, NULL, '452935de-975e-11e5-ae1a-c8e0eb18c1e9', NULL, 0, NULL, 'False', 'True', 'False'),
('8ed8b466-fe5d-4eee-89bb-0c4d11f43cf3', '1c98afbc-9751-11e5-a5ff-c8e0eb18c1e9', '452dccfc-975e-11e5-bfa5-c8e0eb18c1e9', '2019-04-27T19:45:00', '2019-04-27T20:15:00', NULL, NULL, '4529821e-975e-11e5-bbaf-c8e0eb18c1e9', NULL, 0, NULL, 'False', 'True', 'False'),
('334d6c34-4518-41f9-aafa-2f80c89ad603', '1d12c266-9751-11e5-84b2-c8e0eb18c1e9', '48644c7a-975e-11e5-a090-c8e0eb18c1e9', '2019-04-23T11:45:00', '2019-04-23T12:15:00', NULL, NULL, '4529821e-975e-11e5-bbaf-c8e0eb18c1e9', NULL, 0, NULL, 'False', 'True', 'False'),
('541028d1-a2d2-4fd7-8e6c-8f4d8c0d7d0f', '1cabb83c-9751-11e5-9289-c8e0eb18c1e9', '48644c7a-975e-11e5-a090-c8e0eb18c1e9', '2019-04-23T14:15:00', '2019-04-23T14:30:00', NULL, NULL, '452935de-975e-11e5-ae1a-c8e0eb18c1e9', NULL, 0, NULL, 'False', 'True', 'False'),
('6bde7502-d06b-40df-967e-7e2abf092248', '1c4287ae-9751-11e5-8abd-c8e0eb18c1e9', '48644c7a-975e-11e5-a090-c8e0eb18c1e9', '2019-04-23T15:00:00', '2019-04-23T15:15:00', NULL, NULL, '452935de-975e-11e5-ae1a-c8e0eb18c1e9', NULL, 0, NULL, 'False', 'True', 'False'),
('d855735f-7ddf-48d3-a778-f8d7c8bd18a1', '1bdb8194-9751-11e5-a2e7-c8e0eb18c1e9', '48644c7a-975e-11e5-a090-c8e0eb18c1e9', '2019-04-23T15:15:00', '2019-04-23T15:30:00', NULL, NULL, '452935de-975e-11e5-ae1a-c8e0eb18c1e9', NULL, 0, NULL, 'False', 'True', 'False'),
('e17c471f-f5af-4270-982f-e80848d6909c', '1bee2bf0-9751-11e5-bc1b-c8e0eb18c1e9', '48644c7a-975e-11e5-a090-c8e0eb18c1e9', '2019-04-23T15:30:00', '2019-04-23T15:45:00', NULL, NULL, '452935de-975e-11e5-ae1a-c8e0eb18c1e9', NULL, 4, NULL, 'False', 'True', 'False'),
('f5c523dd-cb3d-494a-8b6b-d252d2e24b5b', '1c718efa-9751-11e5-83ca-c8e0eb18c1e9', '48644c7a-975e-11e5-a090-c8e0eb18c1e9', '2019-04-23T15:45:00', '2019-04-23T16:00:00', NULL, NULL, '452935de-975e-11e5-ae1a-c8e0eb18c1e9', NULL, 0, NULL, 'False', 'True', 'False'),
('f55eecb8-ac64-4e47-99e7-f0c7323ed011', '1cabb83c-9751-11e5-9289-c8e0eb18c1e9', '48644c7a-975e-11e5-a090-c8e0eb18c1e9', '2019-04-23T16:30:00', '2019-04-23T16:45:00', NULL, NULL, '452935de-975e-11e5-ae1a-c8e0eb18c1e9', NULL, 0, NULL, 'False', 'True', 'False'),
('014afc96-a768-4528-9083-e518199ae90e', '1c87d958-9751-11e5-9a51-c8e0eb18c1e9', '48644c7a-975e-11e5-a090-c8e0eb18c1e9', '2019-04-23T18:00:00', '2019-04-23T18:15:00', NULL, NULL, '452935de-975e-11e5-ae1a-c8e0eb18c1e9', NULL, 0, NULL, 'False', 'True', 'False'),
('46f8486b-9f3f-4bd5-bd80-618e80b763f9', '1c1809b6-9751-11e5-85f0-c8e0eb18c1e9', '48644c7a-975e-11e5-a090-c8e0eb18c1e9', '2019-04-23T18:15:00', '2019-04-23T18:30:00', NULL, NULL, '452935de-975e-11e5-ae1a-c8e0eb18c1e9', NULL, 0, NULL, 'False', 'True', 'False'),
('baf350ff-de7b-4549-bf49-3380dd34e1c3', '1cabb83c-9751-11e5-9289-c8e0eb18c1e9', '48644c7a-975e-11e5-a090-c8e0eb18c1e9', '2019-04-23T19:30:00', '2019-04-23T19:45:00', NULL, NULL, '452935de-975e-11e5-ae1a-c8e0eb18c1e9', NULL, 0, NULL, 'False', 'True', 'False'),
('d0a50dbd-2200-4f03-bdda-9abdf4548cb6', '1cd7c8d2-9751-11e5-822f-c8e0eb18c1e9', '48644c7a-975e-11e5-a090-c8e0eb18c1e9', '2019-04-24T09:00:00', '2019-04-24T09:15:00', NULL, NULL, '452935de-975e-11e5-ae1a-c8e0eb18c1e9', NULL, 0, NULL, 'False', 'True', 'False'),
('fd4091bc-00c7-4135-a3f1-82ca482279c5', '1c87d958-9751-11e5-9a51-c8e0eb18c1e9', '48644c7a-975e-11e5-a090-c8e0eb18c1e9', '2019-04-24T09:15:00', '2019-04-24T09:45:00', NULL, NULL, '4529821e-975e-11e5-bbaf-c8e0eb18c1e9', NULL, 4, NULL, 'False', 'True', 'False'),
('db439a37-5b75-4246-876a-1bf3b86c2f5d', '1b94f86e-9751-11e5-bbe0-c8e0eb18c1e9', '48644c7a-975e-11e5-a090-c8e0eb18c1e9', '2019-04-24T11:45:00', '2019-04-24T12:00:00', NULL, NULL, '452935de-975e-11e5-ae1a-c8e0eb18c1e9', NULL, 0, NULL, 'False', 'True', 'False'),
('09304830-bcb8-4fa1-8a1d-99fc8405dc91', '00000000-0000-4000-a001-000000000001', '48644c7a-975e-11e5-a090-c8e0eb18c1e9', '2019-04-24T12:15:00', '2019-04-24T12:30:00', NULL, NULL, '452935de-975e-11e5-ae1a-c8e0eb18c1e9', NULL, 0, NULL, 'False', 'True', 'False'),
('4e8dbd98-319c-4a7e-b5da-a94df5a9914a', '1cd7c8d2-9751-11e5-822f-c8e0eb18c1e9', '48644c7a-975e-11e5-a090-c8e0eb18c1e9', '2019-04-24T12:45:00', '2019-04-24T13:00:00', NULL, NULL, '452935de-975e-11e5-ae1a-c8e0eb18c1e9', NULL, 4, NULL, 'False', 'True', 'False'),
('45fb2483-7647-4daa-a613-a0905702a02e', '1d12c266-9751-11e5-84b2-c8e0eb18c1e9', '48644c7a-975e-11e5-a090-c8e0eb18c1e9', '2019-04-24T13:30:00', '2019-04-24T14:00:00', NULL, NULL, '4529821e-975e-11e5-bbaf-c8e0eb18c1e9', NULL, 0, NULL, 'False', 'True', 'False'),
('87032aa4-3154-44b4-881b-863ae8da7be6', '1bfeec38-9751-11e5-add3-c8e0eb18c1e9', '48644c7a-975e-11e5-a090-c8e0eb18c1e9', '2019-04-24T15:45:00', '2019-04-24T16:00:00', NULL, NULL, '452935de-975e-11e5-ae1a-c8e0eb18c1e9', NULL, 0, NULL, 'False', 'True', 'False'),
('3b460ac7-e959-430e-9bf3-57a48f50b5e7', '1cabb83c-9751-11e5-9289-c8e0eb18c1e9', '48644c7a-975e-11e5-a090-c8e0eb18c1e9', '2019-04-24T16:15:00', '2019-04-24T16:30:00', NULL, NULL, '452935de-975e-11e5-ae1a-c8e0eb18c1e9', NULL, 0, NULL, 'False', 'True', 'False'),
('2e0622ce-4eec-4464-ba2f-944391323b14', '1c98afbc-9751-11e5-a5ff-c8e0eb18c1e9', '48644c7a-975e-11e5-a090-c8e0eb18c1e9', '2019-04-24T17:45:00', '2019-04-24T18:15:00', NULL, NULL, '4529821e-975e-11e5-bbaf-c8e0eb18c1e9', NULL, 0, NULL, 'False', 'True', 'False'),
('9f515143-0fcd-410c-a58e-181095cd519d', '1cabb83c-9751-11e5-9289-c8e0eb18c1e9', '48644c7a-975e-11e5-a090-c8e0eb18c1e9', '2019-04-25T08:00:00', '2019-04-25T08:30:00', NULL, NULL, '4529821e-975e-11e5-bbaf-c8e0eb18c1e9', NULL, 0, NULL, 'False', 'True', 'False'),
('a8af0879-a6f3-4c4c-8512-566add919a9b', '1c87d958-9751-11e5-9a51-c8e0eb18c1e9', '48644c7a-975e-11e5-a090-c8e0eb18c1e9', '2019-04-25T09:00:00', '2019-04-25T09:30:00', NULL, NULL, '4529821e-975e-11e5-bbaf-c8e0eb18c1e9', NULL, 4, NULL, 'False', 'True', 'False'),
('2c75046c-2471-4161-9225-b77bd872f0f6', '00000000-0000-4000-a001-000000000001', '48644c7a-975e-11e5-a090-c8e0eb18c1e9', '2019-04-25T15:15:00', '2019-04-25T15:30:00', NULL, NULL, '452935de-975e-11e5-ae1a-c8e0eb18c1e9', NULL, 4, NULL, 'False', 'True', 'False'),
('e0cedacc-e964-4607-8fda-4dc5c6fdae21', '1cabb83c-9751-11e5-9289-c8e0eb18c1e9', '48644c7a-975e-11e5-a090-c8e0eb18c1e9', '2019-04-25T15:30:00', '2019-04-25T15:45:00', NULL, NULL, '452935de-975e-11e5-ae1a-c8e0eb18c1e9', NULL, 4, NULL, 'False', 'True', 'False'),
('af0b0b9b-8e52-41a5-87e9-95c243768f94', '1b94f86e-9751-11e5-bbe0-c8e0eb18c1e9', '48644c7a-975e-11e5-a090-c8e0eb18c1e9', '2019-04-25T17:15:00', '2019-04-25T17:45:00', NULL, NULL, '4529821e-975e-11e5-bbaf-c8e0eb18c1e9', NULL, 0, NULL, 'False', 'True', 'False'),
('a1c6d92c-d742-44af-87ae-208835fd0ac5', '1bdb8194-9751-11e5-a2e7-c8e0eb18c1e9', '48644c7a-975e-11e5-a090-c8e0eb18c1e9', '2019-04-25T19:15:00', '2019-04-25T19:30:00', NULL, NULL, '452935de-975e-11e5-ae1a-c8e0eb18c1e9', NULL, 0, NULL, 'False', 'True', 'False'),
('35b0011d-bbb5-4184-bad6-96e6047f1ad3', '1cefeb10-9751-11e5-95e2-c8e0eb18c1e9', '48644c7a-975e-11e5-a090-c8e0eb18c1e9', '2019-04-25T19:45:00', '2019-04-25T20:00:00', NULL, NULL, '452935de-975e-11e5-ae1a-c8e0eb18c1e9', NULL, 4, NULL, 'False', 'True', 'False'),
('1fa7cef9-c54e-4b77-8720-ed66bf6acf2a', '1cc65052-9751-11e5-8d84-c8e0eb18c1e9', '48644c7a-975e-11e5-a090-c8e0eb18c1e9', '2019-04-26T08:00:00', '2019-04-26T08:30:00', NULL, NULL, '4529821e-975e-11e5-bbaf-c8e0eb18c1e9', NULL, 0, NULL, 'False', 'True', 'False'),
('bf8d4e59-4151-479d-b6b1-56b472a96328', '1bbbd45c-9751-11e5-a3c5-c8e0eb18c1e9', '48644c7a-975e-11e5-a090-c8e0eb18c1e9', '2019-04-26T09:00:00', '2019-04-26T09:30:00', NULL, NULL, '4529821e-975e-11e5-bbaf-c8e0eb18c1e9', NULL, 0, NULL, 'False', 'True', 'False'),
('2247305b-a0a3-4699-aa39-0b73bf3df76c', '1cfeee58-9751-11e5-9c8d-c8e0eb18c1e9', '48644c7a-975e-11e5-a090-c8e0eb18c1e9', '2019-04-26T09:30:00', '2019-04-26T10:00:00', NULL, NULL, '4529821e-975e-11e5-bbaf-c8e0eb18c1e9', NULL, 4, NULL, 'False', 'True', 'False'),
('b90d8897-5483-4fa6-b5bd-1db404575438', '1bc93318-9751-11e5-9d96-c8e0eb18c1e9', '48644c7a-975e-11e5-a090-c8e0eb18c1e9', '2019-04-26T12:15:00', '2019-04-26T12:30:00', NULL, NULL, '452935de-975e-11e5-ae1a-c8e0eb18c1e9', NULL, 0, NULL, 'False', 'True', 'False'),
('057775bd-86ad-401e-9848-64636b72d425', '1cfeee58-9751-11e5-9c8d-c8e0eb18c1e9', '48644c7a-975e-11e5-a090-c8e0eb18c1e9', '2019-04-26T12:30:00', '2019-04-26T12:45:00', NULL, NULL, '452935de-975e-11e5-ae1a-c8e0eb18c1e9', NULL, 0, NULL, 'False', 'True', 'False'),
('bd9337a7-178a-4a59-925f-7a336aa62527', '1bae2f82-9751-11e5-940c-c8e0eb18c1e9', '48644c7a-975e-11e5-a090-c8e0eb18c1e9', '2019-04-26T13:00:00', '2019-04-26T13:15:00', NULL, NULL, '452935de-975e-11e5-ae1a-c8e0eb18c1e9', NULL, 4, NULL, 'False', 'True', 'False'),
('bf10c1c9-ec38-415a-9172-f3fe0aed1ebe', '1bee2bf0-9751-11e5-bc1b-c8e0eb18c1e9', '48644c7a-975e-11e5-a090-c8e0eb18c1e9', '2019-04-26T13:15:00', '2019-04-26T13:30:00', NULL, NULL, '452935de-975e-11e5-ae1a-c8e0eb18c1e9', NULL, 4, NULL, 'False', 'True', 'False'),
('01e2ea56-ac90-4032-92d2-fbf5a7206152', '1d12c266-9751-11e5-84b2-c8e0eb18c1e9', '48644c7a-975e-11e5-a090-c8e0eb18c1e9', '2019-04-26T13:45:00', '2019-04-26T14:00:00', NULL, NULL, '452935de-975e-11e5-ae1a-c8e0eb18c1e9', NULL, 4, NULL, 'False', 'True', 'False'),
('225f4f59-eeb8-4827-9562-f291f76ee026', '1cefeb10-9751-11e5-95e2-c8e0eb18c1e9', '48644c7a-975e-11e5-a090-c8e0eb18c1e9', '2019-04-26T14:45:00', '2019-04-26T15:00:00', NULL, NULL, '452935de-975e-11e5-ae1a-c8e0eb18c1e9', NULL, 0, NULL, 'False', 'True', 'False'),
('34e74761-ceb4-45bd-a0d3-3574707f02ed', '1d12c266-9751-11e5-84b2-c8e0eb18c1e9', '48644c7a-975e-11e5-a090-c8e0eb18c1e9', '2019-04-26T15:00:00', '2019-04-26T15:15:00', NULL, NULL, '452935de-975e-11e5-ae1a-c8e0eb18c1e9', NULL, 0, NULL, 'False', 'True', 'False'),
('7b602cce-314f-46cb-826a-d9a64226cf35', '1cc65052-9751-11e5-8d84-c8e0eb18c1e9', '48644c7a-975e-11e5-a090-c8e0eb18c1e9', '2019-04-26T15:15:00', '2019-04-26T15:30:00', NULL, NULL, '452935de-975e-11e5-ae1a-c8e0eb18c1e9', NULL, 4, NULL, 'False', 'True', 'False'),
('cf77efd4-e8a6-4838-ab14-5b8d47f65c67', '1c718efa-9751-11e5-83ca-c8e0eb18c1e9', '48644c7a-975e-11e5-a090-c8e0eb18c1e9', '2019-04-26T17:30:00', '2019-04-26T18:00:00', NULL, NULL, '4529821e-975e-11e5-bbaf-c8e0eb18c1e9', NULL, 0, NULL, 'False', 'True', 'False'),
('fdbd7210-d1f1-4b4c-bff8-b771b760f6ad', '1c718efa-9751-11e5-83ca-c8e0eb18c1e9', '48644c7a-975e-11e5-a090-c8e0eb18c1e9', '2019-04-26T18:45:00', '2019-04-26T19:00:00', NULL, NULL, '452935de-975e-11e5-ae1a-c8e0eb18c1e9', NULL, 4, NULL, 'False', 'True', 'False'),
('0cb8519c-1733-4ee6-8f5a-9b2d36d00cda', '1cfeee58-9751-11e5-9c8d-c8e0eb18c1e9', '48644c7a-975e-11e5-a090-c8e0eb18c1e9', '2019-04-26T19:00:00', '2019-04-26T19:15:00', NULL, NULL, '452935de-975e-11e5-ae1a-c8e0eb18c1e9', NULL, 0, NULL, 'False', 'True', 'False'),
('47998841-808a-4745-9e72-e9fa890aa56f', '1b94f86e-9751-11e5-bbe0-c8e0eb18c1e9', '48644c7a-975e-11e5-a090-c8e0eb18c1e9', '2019-04-27T10:00:00', '2019-04-27T10:30:00', NULL, NULL, '4529821e-975e-11e5-bbaf-c8e0eb18c1e9', NULL, 0, NULL, 'False', 'True', 'False'),
('a81ef591-3079-4532-8e41-c2972aa71914', '1cc65052-9751-11e5-8d84-c8e0eb18c1e9', '48644c7a-975e-11e5-a090-c8e0eb18c1e9', '2019-04-27T11:30:00', '2019-04-27T11:45:00', NULL, NULL, '452935de-975e-11e5-ae1a-c8e0eb18c1e9', NULL, 0, NULL, 'False', 'True', 'False'),
('062156b4-98ec-43a4-a76d-d5702c9ff140', '1c2dfb36-9751-11e5-b75d-c8e0eb18c1e9', '48644c7a-975e-11e5-a090-c8e0eb18c1e9', '2019-04-27T14:30:00', '2019-04-27T14:45:00', NULL, NULL, '452935de-975e-11e5-ae1a-c8e0eb18c1e9', NULL, 0, NULL, 'False', 'True', 'False'),
('f0e67006-7d01-4b8f-a7f9-cd8897571f52', '1cfeee58-9751-11e5-9c8d-c8e0eb18c1e9', '48644c7a-975e-11e5-a090-c8e0eb18c1e9', '2019-04-27T15:45:00', '2019-04-27T16:00:00', NULL, NULL, '452935de-975e-11e5-ae1a-c8e0eb18c1e9', NULL, 0, NULL, 'False', 'True', 'False'),
('a977d35e-a69a-46b0-842d-cfdef5218b10', '1cabb83c-9751-11e5-9289-c8e0eb18c1e9', '48644c7a-975e-11e5-a090-c8e0eb18c1e9', '2019-04-27T16:15:00', '2019-04-27T16:30:00', NULL, NULL, '452935de-975e-11e5-ae1a-c8e0eb18c1e9', NULL, 0, NULL, 'False', 'True', 'False'),
('56865a8d-6256-41b1-be19-cdc39309bb14', '1bc93318-9751-11e5-9d96-c8e0eb18c1e9', '48644c7a-975e-11e5-a090-c8e0eb18c1e9', '2019-04-27T16:45:00', '2019-04-27T17:00:00', NULL, NULL, '452935de-975e-11e5-ae1a-c8e0eb18c1e9', NULL, 0, NULL, 'False', 'True', 'False'),
('f6850088-9e7f-43d5-8453-f65dd4eafc2a', '1c1809b6-9751-11e5-85f0-c8e0eb18c1e9', '48644c7a-975e-11e5-a090-c8e0eb18c1e9', '2019-04-27T18:00:00', '2019-04-27T18:30:00', NULL, NULL, '4529821e-975e-11e5-bbaf-c8e0eb18c1e9', NULL, 0, NULL, 'False', 'True', 'False');

-- --------------------------------------------------------

--
-- Table structure for table `doctors_details`
--

CREATE TABLE `doctors_details` (
  `id` int(11) NOT NULL,
  `doctor_name` varchar(100) NOT NULL,
  `calender_id` varchar(50) NOT NULL
) ENGINE=InnoDB DEFAULT CHARSET=utf8mb4;

--
-- Dumping data for table `doctors_details`
--

INSERT INTO `doctors_details` (`id`, `doctor_name`, `calender_id`) VALUES
(1, 'Joanna Hef', '48644c7a-975e-11e5-a090-c8e0eb18c1e9'),
(2, 'Danny Boy', '48cadf26-975e-11e5-b9c2-c8e0eb18c1e9'),
(3, 'Emma Win', '452dccfc-975e-11e5-bfa5-c8e0eb18c1e9');

-- --------------------------------------------------------

--
-- Table structure for table `timeslots`
--

CREATE TABLE `timeslots` (
  `timeslots_id` varchar(36) CHARACTER SET utf8 DEFAULT NULL,
  `timeslots_calendar_id` varchar(36) CHARACTER SET utf8 DEFAULT NULL,
  `timeslots_type_id` varchar(36) CHARACTER SET utf8 DEFAULT NULL,
  `timeslots_start` varchar(19) CHARACTER SET utf8 DEFAULT NULL,
  `timeslots_end` varchar(19) CHARACTER SET utf8 DEFAULT NULL,
  `timeslots_public_bookable` varchar(4) CHARACTER SET utf8 DEFAULT NULL,
  `timeslots_out_of_office` varchar(5) CHARACTER SET utf8 DEFAULT NULL
) ENGINE=InnoDB DEFAULT CHARSET=utf8mb4;

--
-- Dumping data for table `timeslots`
--

INSERT INTO `timeslots` (`timeslots_id`, `timeslots_calendar_id`, `timeslots_type_id`, `timeslots_start`, `timeslots_end`, `timeslots_public_bookable`, `timeslots_out_of_office`) VALUES
('af87de36-3690-4caa-a100-4d28b05e3d94', '48cadf26-975e-11e5-b9c2-c8e0eb18c1e9', '4529821e-975e-11e5-bbaf-c8e0eb18c1e9', '2019-04-23T08:00:00', '2019-04-23T08:30:00', 'True', 'False'),
('4955e65a-3b3b-475f-94c4-21bd5a110d48', '48cadf26-975e-11e5-b9c2-c8e0eb18c1e9', '4529821e-975e-11e5-bbaf-c8e0eb18c1e9', '2019-04-23T08:30:00', '2019-04-23T09:00:00', 'True', 'False'),
('957a1cf7-8b95-432f-93dd-3c3ca55c9e50', '48cadf26-975e-11e5-b9c2-c8e0eb18c1e9', '4529821e-975e-11e5-bbaf-c8e0eb18c1e9', '2019-04-23T09:00:00', '2019-04-23T09:30:00', 'True', 'False'),
('518654f4-bd4e-485f-a04e-4881268195a0', '48cadf26-975e-11e5-b9c2-c8e0eb18c1e9', '4529821e-975e-11e5-bbaf-c8e0eb18c1e9', '2019-04-23T09:30:00', '2019-04-23T10:00:00', 'True', 'False'),
('6747a2b5-5eea-4fd6-ac85-0833011a3d90', '48cadf26-975e-11e5-b9c2-c8e0eb18c1e9', '4529821e-975e-11e5-bbaf-c8e0eb18c1e9', '2019-04-23T10:00:00', '2019-04-23T10:30:00', 'True', 'False'),
('31ce453d-3987-4549-b434-8e6c255ea417', '48cadf26-975e-11e5-b9c2-c8e0eb18c1e9', '452935de-975e-11e5-ae1a-c8e0eb18c1e9', '2019-04-23T10:30:00', '2019-04-23T10:45:00', 'True', 'False'),
('0c69c099-2592-417e-af94-14fec6f60b69', '48cadf26-975e-11e5-b9c2-c8e0eb18c1e9', '452935de-975e-11e5-ae1a-c8e0eb18c1e9', '2019-04-23T10:45:00', '2019-04-23T11:00:00', 'True', 'False'),
('de5b9644-d0ec-4f7c-a7cb-7f989f75e34e', '48cadf26-975e-11e5-b9c2-c8e0eb18c1e9', '452935de-975e-11e5-ae1a-c8e0eb18c1e9', '2019-04-23T11:00:00', '2019-04-23T11:15:00', 'True', 'False'),
('a5a54fcf-06b7-45af-92a3-d1fbcd4e6e4d', '48cadf26-975e-11e5-b9c2-c8e0eb18c1e9', '452935de-975e-11e5-ae1a-c8e0eb18c1e9', '2019-04-23T11:15:00', '2019-04-23T11:30:00', 'True', 'False'),
('81f68c51-5131-4887-953b-967153bf267b', '48cadf26-975e-11e5-b9c2-c8e0eb18c1e9', '452935de-975e-11e5-ae1a-c8e0eb18c1e9', '2019-04-23T11:30:00', '2019-04-23T11:45:00', 'True', 'False'),
('df4d386a-44a8-4fee-9370-744c2ffd9149', '48cadf26-975e-11e5-b9c2-c8e0eb18c1e9', '452935de-975e-11e5-ae1a-c8e0eb18c1e9', '2019-04-23T11:45:00', '2019-04-23T12:00:00', 'True', 'False'),
('9f779c6b-17a7-470a-9821-02b26324798b', '48cadf26-975e-11e5-b9c2-c8e0eb18c1e9', '452935de-975e-11e5-ae1a-c8e0eb18c1e9', '2019-04-23T12:00:00', '2019-04-23T12:15:00', 'True', 'False'),
('52bf3439-aa0d-4f90-b104-a5444b720699', '48cadf26-975e-11e5-b9c2-c8e0eb18c1e9', '452935de-975e-11e5-ae1a-c8e0eb18c1e9', '2019-04-23T12:15:00', '2019-04-23T12:30:00', 'True', 'False'),
('ea96dfd1-b574-4e79-8a7e-e0b8c29f5fa7', '48cadf26-975e-11e5-b9c2-c8e0eb18c1e9', '452935de-975e-11e5-ae1a-c8e0eb18c1e9', '2019-04-23T12:30:00', '2019-04-23T12:45:00', 'True', 'False'),
('5fc7ff4b-5019-4a77-885d-207c3ffd782f', '48cadf26-975e-11e5-b9c2-c8e0eb18c1e9', '452935de-975e-11e5-ae1a-c8e0eb18c1e9', '2019-04-23T12:45:00', '2019-04-23T13:00:00', 'True', 'False'),
('75c3d0d9-d9b0-4c21-81a4-73c5c136391f', '48cadf26-975e-11e5-b9c2-c8e0eb18c1e9', '4529821e-975e-11e5-bbaf-c8e0eb18c1e9', '2019-04-23T13:00:00', '2019-04-23T13:30:00', 'True', 'False'),
('3ba8788d-ab01-41d5-bee7-0974d7f56180', '48cadf26-975e-11e5-b9c2-c8e0eb18c1e9', '4529821e-975e-11e5-bbaf-c8e0eb18c1e9', '2019-04-23T13:30:00', '2019-04-23T14:00:00', 'True', 'False'),
('1a6edf28-770d-43f5-9498-907f6f79ee57', '48cadf26-975e-11e5-b9c2-c8e0eb18c1e9', '4529821e-975e-11e5-bbaf-c8e0eb18c1e9', '2019-04-23T14:00:00', '2019-04-23T14:30:00', 'True', 'False'),
('a36bc8e6-ee8f-4bae-bfe8-51744fb1e30d', '48cadf26-975e-11e5-b9c2-c8e0eb18c1e9', '4529821e-975e-11e5-bbaf-c8e0eb18c1e9', '2019-04-23T14:30:00', '2019-04-23T15:00:00', 'True', 'False'),
('1a95c2ee-018d-48d1-93b4-eb14d8857a77', '48cadf26-975e-11e5-b9c2-c8e0eb18c1e9', '4529821e-975e-11e5-bbaf-c8e0eb18c1e9', '2019-04-23T15:00:00', '2019-04-23T15:30:00', 'True', 'False'),
('b569304b-689d-48a2-bbc8-8f04c3b6be70', '48cadf26-975e-11e5-b9c2-c8e0eb18c1e9', '4529821e-975e-11e5-bbaf-c8e0eb18c1e9', '2019-04-23T15:30:00', '2019-04-23T16:00:00', 'True', 'False'),
('dc613c55-4783-4643-9381-1b62185e7898', '48cadf26-975e-11e5-b9c2-c8e0eb18c1e9', '4529821e-975e-11e5-bbaf-c8e0eb18c1e9', '2019-04-23T16:00:00', '2019-04-23T16:30:00', 'True', 'False'),
('0aa3c003-b3f2-4984-a577-5a4246bfc8aa', '48cadf26-975e-11e5-b9c2-c8e0eb18c1e9', '4529821e-975e-11e5-bbaf-c8e0eb18c1e9', '2019-04-23T16:30:00', '2019-04-23T17:00:00', 'True', 'False'),
('0bb761fb-88f6-47e6-bf7f-37102ad9e7ad', '48cadf26-975e-11e5-b9c2-c8e0eb18c1e9', '4529821e-975e-11e5-bbaf-c8e0eb18c1e9', '2019-04-23T17:00:00', '2019-04-23T17:30:00', 'True', 'False'),
('cbc40b14-2858-483a-b084-dd93b68112d9', '48cadf26-975e-11e5-b9c2-c8e0eb18c1e9', '4529821e-975e-11e5-bbaf-c8e0eb18c1e9', '2019-04-23T17:30:00', '2019-04-23T18:00:00', 'True', 'False'),
('97216d29-4c3d-49e0-83b7-20d599d1e15b', '48cadf26-975e-11e5-b9c2-c8e0eb18c1e9', '452935de-975e-11e5-ae1a-c8e0eb18c1e9', '2019-04-23T18:00:00', '2019-04-23T18:15:00', 'True', 'False'),
('b382004c-19d3-476f-a240-8e3fc83813c4', '48cadf26-975e-11e5-b9c2-c8e0eb18c1e9', '452935de-975e-11e5-ae1a-c8e0eb18c1e9', '2019-04-23T18:15:00', '2019-04-23T18:30:00', 'True', 'False'),
('d65f8d7d-a296-4be0-afa6-50085cc99874', '48cadf26-975e-11e5-b9c2-c8e0eb18c1e9', '452935de-975e-11e5-ae1a-c8e0eb18c1e9', '2019-04-23T18:30:00', '2019-04-23T18:45:00', 'True', 'False'),
('4b65c6c6-6164-4a59-9c44-eca21bf5e197', '48cadf26-975e-11e5-b9c2-c8e0eb18c1e9', '452935de-975e-11e5-ae1a-c8e0eb18c1e9', '2019-04-23T18:45:00', '2019-04-23T19:00:00', 'True', 'False'),
('5fb475ff-f9e2-4a5f-b0ef-c23a2fa584a0', '48cadf26-975e-11e5-b9c2-c8e0eb18c1e9', '452935de-975e-11e5-ae1a-c8e0eb18c1e9', '2019-04-23T19:00:00', '2019-04-23T19:15:00', 'True', 'False'),
('b544d036-ac4b-42b4-a9ab-100585346d93', '48cadf26-975e-11e5-b9c2-c8e0eb18c1e9', '4529821e-975e-11e5-bbaf-c8e0eb18c1e9', '2019-04-23T19:15:00', '2019-04-23T19:45:00', 'True', 'False'),
('e6649944-89af-43cb-a86a-04c2d54a84b4', '48cadf26-975e-11e5-b9c2-c8e0eb18c1e9', '4529821e-975e-11e5-bbaf-c8e0eb18c1e9', '2019-04-23T19:45:00', '2019-04-23T20:15:00', 'True', 'False'),
('02470331-a07b-4532-b009-72fc8ffa9660', '48cadf26-975e-11e5-b9c2-c8e0eb18c1e9', '452935de-975e-11e5-ae1a-c8e0eb18c1e9', '2019-04-24T08:00:00', '2019-04-24T08:15:00', 'True', 'False'),
('0f4a5d58-6515-4eb0-bfa1-fd07e7784dfd', '48cadf26-975e-11e5-b9c2-c8e0eb18c1e9', '452935de-975e-11e5-ae1a-c8e0eb18c1e9', '2019-04-24T08:15:00', '2019-04-24T08:30:00', 'True', 'False'),
('e3fe2343-4fba-4804-8c18-0508894259c6', '48cadf26-975e-11e5-b9c2-c8e0eb18c1e9', '452935de-975e-11e5-ae1a-c8e0eb18c1e9', '2019-04-24T08:30:00', '2019-04-24T08:45:00', 'True', 'False'),
('51c5a763-80fc-43c7-88df-97d72a62359e', '48cadf26-975e-11e5-b9c2-c8e0eb18c1e9', '452935de-975e-11e5-ae1a-c8e0eb18c1e9', '2019-04-24T08:45:00', '2019-04-24T09:00:00', 'True', 'False'),
('2114a8b4-1746-4706-ac3c-ea6b34c4bec4', '48cadf26-975e-11e5-b9c2-c8e0eb18c1e9', '452935de-975e-11e5-ae1a-c8e0eb18c1e9', '2019-04-24T09:00:00', '2019-04-24T09:15:00', 'True', 'False'),
('223c1b5c-249d-4650-ab8d-6e31bc789783', '48cadf26-975e-11e5-b9c2-c8e0eb18c1e9', '4529821e-975e-11e5-bbaf-c8e0eb18c1e9', '2019-04-24T09:15:00', '2019-04-24T09:45:00', 'True', 'False'),
('f5b42640-ce27-4f96-860c-f0be6a163a84', '48cadf26-975e-11e5-b9c2-c8e0eb18c1e9', '4529821e-975e-11e5-bbaf-c8e0eb18c1e9', '2019-04-24T09:45:00', '2019-04-24T10:15:00', 'True', 'False'),
('c6b94b2f-c680-410a-8048-8c2ae618fa1c', '48cadf26-975e-11e5-b9c2-c8e0eb18c1e9', '4529821e-975e-11e5-bbaf-c8e0eb18c1e9', '2019-04-24T10:15:00', '2019-04-24T10:45:00', 'True', 'False'),
('dd70083a-e697-4e23-ab0b-12bed434c92d', '48cadf26-975e-11e5-b9c2-c8e0eb18c1e9', '4529821e-975e-11e5-bbaf-c8e0eb18c1e9', '2019-04-24T10:45:00', '2019-04-24T11:15:00', 'True', 'False'),
('2ad44368-e41b-4e92-ad3c-f81c825fe17d', '48cadf26-975e-11e5-b9c2-c8e0eb18c1e9', '4529821e-975e-11e5-bbaf-c8e0eb18c1e9', '2019-04-24T11:15:00', '2019-04-24T11:45:00', 'True', 'False'),
('1d7624ca-8c40-43dd-afe1-57f2c2803234', '48cadf26-975e-11e5-b9c2-c8e0eb18c1e9', '452935de-975e-11e5-ae1a-c8e0eb18c1e9', '2019-04-24T11:45:00', '2019-04-24T12:00:00', 'True', 'False'),
('bcfebf55-98aa-4bee-8a95-84de3e9fd7a3', '48cadf26-975e-11e5-b9c2-c8e0eb18c1e9', '452935de-975e-11e5-ae1a-c8e0eb18c1e9', '2019-04-24T12:00:00', '2019-04-24T12:15:00', 'True', 'False'),
('c4bbc974-c28c-4017-b178-17d03efeb9a9', '48cadf26-975e-11e5-b9c2-c8e0eb18c1e9', '452935de-975e-11e5-ae1a-c8e0eb18c1e9', '2019-04-24T12:15:00', '2019-04-24T12:30:00', 'True', 'False'),
('783dcd14-b19b-4758-869d-8587c7f5837d', '48cadf26-975e-11e5-b9c2-c8e0eb18c1e9', '452935de-975e-11e5-ae1a-c8e0eb18c1e9', '2019-04-24T12:30:00', '2019-04-24T12:45:00', 'True', 'False'),
('90e2d196-a87d-49f9-880f-2489fbf38aeb', '48cadf26-975e-11e5-b9c2-c8e0eb18c1e9', '452935de-975e-11e5-ae1a-c8e0eb18c1e9', '2019-04-24T12:45:00', '2019-04-24T13:00:00', 'True', 'False'),
('10d0c8a8-5f9f-4220-9e73-df731c862284', '48cadf26-975e-11e5-b9c2-c8e0eb18c1e9', '4529821e-975e-11e5-bbaf-c8e0eb18c1e9', '2019-04-24T13:00:00', '2019-04-24T13:30:00', 'True', 'False'),
('17cf270e-ea52-413d-b3f0-8dae43b2172f', '48cadf26-975e-11e5-b9c2-c8e0eb18c1e9', '4529821e-975e-11e5-bbaf-c8e0eb18c1e9', '2019-04-24T13:30:00', '2019-04-24T14:00:00', 'True', 'False'),
('289c050a-2c88-4afd-adae-344df0aea747', '48cadf26-975e-11e5-b9c2-c8e0eb18c1e9', '4529821e-975e-11e5-bbaf-c8e0eb18c1e9', '2019-04-24T14:00:00', '2019-04-24T14:30:00', 'True', 'False'),
('f0f48dca-23db-45ca-88f3-0a84637a547d', '48cadf26-975e-11e5-b9c2-c8e0eb18c1e9', '4529821e-975e-11e5-bbaf-c8e0eb18c1e9', '2019-04-24T14:30:00', '2019-04-24T15:00:00', 'True', 'False'),
('45493a74-0ca7-480f-bf66-ad5c44654a0b', '48cadf26-975e-11e5-b9c2-c8e0eb18c1e9', '4529821e-975e-11e5-bbaf-c8e0eb18c1e9', '2019-04-24T15:00:00', '2019-04-24T15:30:00', 'True', 'False'),
('792adc64-72d2-41d3-949d-c39feecaacb0', '48cadf26-975e-11e5-b9c2-c8e0eb18c1e9', '452935de-975e-11e5-ae1a-c8e0eb18c1e9', '2019-04-24T15:30:00', '2019-04-24T15:45:00', 'True', 'False'),
('7ed268d9-4e03-4fcc-b474-0b6fcf2cee5f', '48cadf26-975e-11e5-b9c2-c8e0eb18c1e9', '452935de-975e-11e5-ae1a-c8e0eb18c1e9', '2019-04-24T15:45:00', '2019-04-24T16:00:00', 'True', 'False'),
('8f933f70-b627-4334-be08-1e9745c2a4a3', '48cadf26-975e-11e5-b9c2-c8e0eb18c1e9', '452935de-975e-11e5-ae1a-c8e0eb18c1e9', '2019-04-24T16:00:00', '2019-04-24T16:15:00', 'True', 'False'),
('01bb8de3-e822-476f-9b06-15a1787e8f93', '48cadf26-975e-11e5-b9c2-c8e0eb18c1e9', '452935de-975e-11e5-ae1a-c8e0eb18c1e9', '2019-04-24T16:15:00', '2019-04-24T16:30:00', 'True', 'False'),
('26f4a5cf-2514-49d3-a259-b3520d66d734', '48cadf26-975e-11e5-b9c2-c8e0eb18c1e9', '452935de-975e-11e5-ae1a-c8e0eb18c1e9', '2019-04-24T16:30:00', '2019-04-24T16:45:00', 'True', 'False'),
('8b7f581e-cde6-4832-a39a-523cd25d6cb5', '48cadf26-975e-11e5-b9c2-c8e0eb18c1e9', '4529821e-975e-11e5-bbaf-c8e0eb18c1e9', '2019-04-24T16:45:00', '2019-04-24T17:15:00', 'True', 'False'),
('1d8f16e6-5399-429b-a857-ce1c2380d444', '48cadf26-975e-11e5-b9c2-c8e0eb18c1e9', '4529821e-975e-11e5-bbaf-c8e0eb18c1e9', '2019-04-24T17:15:00', '2019-04-24T17:45:00', 'True', 'False'),
('1bc6699a-bbc4-45dc-841c-b777e867c270', '48cadf26-975e-11e5-b9c2-c8e0eb18c1e9', '4529821e-975e-11e5-bbaf-c8e0eb18c1e9', '2019-04-24T17:45:00', '2019-04-24T18:15:00', 'True', 'False'),
('913f7263-5c77-4965-bb5b-563fb4867c9e', '48cadf26-975e-11e5-b9c2-c8e0eb18c1e9', '4529821e-975e-11e5-bbaf-c8e0eb18c1e9', '2019-04-24T18:15:00', '2019-04-24T18:45:00', 'True', 'False'),
('6776a1ef-2961-46a4-b24a-224f475a8e0b', '48cadf26-975e-11e5-b9c2-c8e0eb18c1e9', '4529821e-975e-11e5-bbaf-c8e0eb18c1e9', '2019-04-24T18:45:00', '2019-04-24T19:15:00', 'True', 'False'),
('237be8a8-487a-4d05-9b49-ad4beec1a013', '48cadf26-975e-11e5-b9c2-c8e0eb18c1e9', '4529821e-975e-11e5-bbaf-c8e0eb18c1e9', '2019-04-24T19:15:00', '2019-04-24T19:45:00', 'True', 'False'),
('75968f10-0fd3-435f-92f9-4d665f79bcd1', '48cadf26-975e-11e5-b9c2-c8e0eb18c1e9', '4529821e-975e-11e5-bbaf-c8e0eb18c1e9', '2019-04-24T19:45:00', '2019-04-24T20:15:00', 'True', 'False'),
('52071593-e874-4338-b9df-bbb85d299e9b', '48cadf26-975e-11e5-b9c2-c8e0eb18c1e9', '4529821e-975e-11e5-bbaf-c8e0eb18c1e9', '2019-04-25T08:00:00', '2019-04-25T08:30:00', 'True', 'False'),
('dcd12164-6bc2-4470-8b9f-268e073909f0', '48cadf26-975e-11e5-b9c2-c8e0eb18c1e9', '4529821e-975e-11e5-bbaf-c8e0eb18c1e9', '2019-04-25T08:30:00', '2019-04-25T09:00:00', 'True', 'False'),
('55b3769b-3db7-4b52-8fc5-60b25cefcaaf', '48cadf26-975e-11e5-b9c2-c8e0eb18c1e9', '4529821e-975e-11e5-bbaf-c8e0eb18c1e9', '2019-04-25T09:00:00', '2019-04-25T09:30:00', 'True', 'False'),
('60df9a41-e518-4812-9025-74c820067877', '48cadf26-975e-11e5-b9c2-c8e0eb18c1e9', '4529821e-975e-11e5-bbaf-c8e0eb18c1e9', '2019-04-25T09:30:00', '2019-04-25T10:00:00', 'True', 'False'),
('bb7bdba0-7c59-4eae-bbdd-c9a1fd43e1d3', '48cadf26-975e-11e5-b9c2-c8e0eb18c1e9', '4529821e-975e-11e5-bbaf-c8e0eb18c1e9', '2019-04-25T10:00:00', '2019-04-25T10:30:00', 'True', 'False'),
('8d7681c6-c886-428e-ba12-e0e27c8386ad', '48cadf26-975e-11e5-b9c2-c8e0eb18c1e9', '4529821e-975e-11e5-bbaf-c8e0eb18c1e9', '2019-04-25T10:30:00', '2019-04-25T11:00:00', 'True', 'False'),
('188ced90-e44f-49fc-8180-07f2bead8628', '48cadf26-975e-11e5-b9c2-c8e0eb18c1e9', '4529821e-975e-11e5-bbaf-c8e0eb18c1e9', '2019-04-25T11:00:00', '2019-04-25T11:30:00', 'True', 'False'),
('cd0feaf3-b150-4a03-aa39-e230a904c27e', '48cadf26-975e-11e5-b9c2-c8e0eb18c1e9', '4529821e-975e-11e5-bbaf-c8e0eb18c1e9', '2019-04-25T11:30:00', '2019-04-25T12:00:00', 'True', 'False'),
('4575cb98-ea74-451b-8619-6f545681f9c5', '48cadf26-975e-11e5-b9c2-c8e0eb18c1e9', '4529821e-975e-11e5-bbaf-c8e0eb18c1e9', '2019-04-25T12:00:00', '2019-04-25T12:30:00', 'True', 'False'),
('a6686fe0-c34a-44ce-84cf-3c99384767af', '48cadf26-975e-11e5-b9c2-c8e0eb18c1e9', '4529821e-975e-11e5-bbaf-c8e0eb18c1e9', '2019-04-25T12:30:00', '2019-04-25T13:00:00', 'True', 'False'),
('700a5b9f-8589-4cf2-9964-ad574435577b', '48cadf26-975e-11e5-b9c2-c8e0eb18c1e9', '4529821e-975e-11e5-bbaf-c8e0eb18c1e9', '2019-04-25T13:00:00', '2019-04-25T13:30:00', 'True', 'False'),
('d8ab2589-d1d1-411e-8b25-42ee3206c21c', '48cadf26-975e-11e5-b9c2-c8e0eb18c1e9', '4529821e-975e-11e5-bbaf-c8e0eb18c1e9', '2019-04-25T13:30:00', '2019-04-25T14:00:00', 'True', 'False'),
('67ee335f-f1c3-4817-ab09-377efdadbcde', '48cadf26-975e-11e5-b9c2-c8e0eb18c1e9', '4529821e-975e-11e5-bbaf-c8e0eb18c1e9', '2019-04-25T14:00:00', '2019-04-25T14:30:00', 'True', 'False'),
('b9d26d33-4fe9-4e3b-8a9b-14f07922b66f', '48cadf26-975e-11e5-b9c2-c8e0eb18c1e9', '4529821e-975e-11e5-bbaf-c8e0eb18c1e9', '2019-04-25T14:30:00', '2019-04-25T15:00:00', 'True', 'False'),
('0a1dad89-aa9d-4f9e-8e1d-26b86af1d762', '48cadf26-975e-11e5-b9c2-c8e0eb18c1e9', '4529821e-975e-11e5-bbaf-c8e0eb18c1e9', '2019-04-25T15:00:00', '2019-04-25T15:30:00', 'True', 'False'),
('77306649-953f-4345-bc19-b44fbe1a50c7', '48cadf26-975e-11e5-b9c2-c8e0eb18c1e9', '452935de-975e-11e5-ae1a-c8e0eb18c1e9', '2019-04-25T15:30:00', '2019-04-25T15:45:00', 'True', 'False'),
('b03cc0fa-930b-47f2-89f3-4612ef8b45df', '48cadf26-975e-11e5-b9c2-c8e0eb18c1e9', '452935de-975e-11e5-ae1a-c8e0eb18c1e9', '2019-04-25T15:45:00', '2019-04-25T16:00:00', 'True', 'False'),
('e68fcd5e-3f09-4abc-b59c-bfe41d816432', '48cadf26-975e-11e5-b9c2-c8e0eb18c1e9', '452935de-975e-11e5-ae1a-c8e0eb18c1e9', '2019-04-25T16:00:00', '2019-04-25T16:15:00', 'True', 'False'),
('246015a8-3a51-4237-9579-946c4481c71c', '48cadf26-975e-11e5-b9c2-c8e0eb18c1e9', '452935de-975e-11e5-ae1a-c8e0eb18c1e9', '2019-04-25T16:15:00', '2019-04-25T16:30:00', 'True', 'False'),
('cd7f394e-b460-4a09-8995-c3a0ba0832b3', '48cadf26-975e-11e5-b9c2-c8e0eb18c1e9', '452935de-975e-11e5-ae1a-c8e0eb18c1e9', '2019-04-25T16:30:00', '2019-04-25T16:45:00', 'True', 'False'),
('afd70f91-448e-472d-b525-d17013f2d95b', '48cadf26-975e-11e5-b9c2-c8e0eb18c1e9', '4529821e-975e-11e5-bbaf-c8e0eb18c1e9', '2019-04-25T16:45:00', '2019-04-25T17:15:00', 'True', 'False'),
('0d2cb519-3e8d-4aeb-84af-6df3a7151b55', '48cadf26-975e-11e5-b9c2-c8e0eb18c1e9', '4529821e-975e-11e5-bbaf-c8e0eb18c1e9', '2019-04-25T17:15:00', '2019-04-25T17:45:00', 'True', 'False'),
('9a63d7a5-fd7e-451e-ae3f-0dc191ef8a66', '48cadf26-975e-11e5-b9c2-c8e0eb18c1e9', '4529821e-975e-11e5-bbaf-c8e0eb18c1e9', '2019-04-25T17:45:00', '2019-04-25T18:15:00', 'True', 'False'),
('c1c23c04-a300-495a-9540-f2c04ce34a1c', '48cadf26-975e-11e5-b9c2-c8e0eb18c1e9', '4529821e-975e-11e5-bbaf-c8e0eb18c1e9', '2019-04-25T18:15:00', '2019-04-25T18:45:00', 'True', 'False'),
('73858986-c8b5-4d73-8297-eed291a5327a', '48cadf26-975e-11e5-b9c2-c8e0eb18c1e9', '4529821e-975e-11e5-bbaf-c8e0eb18c1e9', '2019-04-25T18:45:00', '2019-04-25T19:15:00', 'True', 'False'),
('e2c22fcb-1621-4e6d-a0cc-7b26b4349bc9', '48cadf26-975e-11e5-b9c2-c8e0eb18c1e9', '4529821e-975e-11e5-bbaf-c8e0eb18c1e9', '2019-04-25T19:15:00', '2019-04-25T19:45:00', 'True', 'False'),
('427cd632-603f-4e0f-874a-6ab91f3e6c9d', '48cadf26-975e-11e5-b9c2-c8e0eb18c1e9', '4529821e-975e-11e5-bbaf-c8e0eb18c1e9', '2019-04-25T19:45:00', '2019-04-25T20:15:00', 'True', 'False'),
('d929e3b5-10c0-4fc6-a64d-411e1722c1ff', '48cadf26-975e-11e5-b9c2-c8e0eb18c1e9', '452935de-975e-11e5-ae1a-c8e0eb18c1e9', '2019-04-26T08:00:00', '2019-04-26T08:15:00', 'True', 'False'),
('225ebbde-f17a-4bd3-bcd2-a426699b1247', '48cadf26-975e-11e5-b9c2-c8e0eb18c1e9', '452935de-975e-11e5-ae1a-c8e0eb18c1e9', '2019-04-26T08:15:00', '2019-04-26T08:30:00', 'True', 'False'),
('ffdace68-ecbc-4681-871f-191c64457ddf', '48cadf26-975e-11e5-b9c2-c8e0eb18c1e9', '452935de-975e-11e5-ae1a-c8e0eb18c1e9', '2019-04-26T08:30:00', '2019-04-26T08:45:00', 'True', 'False'),
('96ec352f-1584-458b-8017-48f0f78e881b', '48cadf26-975e-11e5-b9c2-c8e0eb18c1e9', '452935de-975e-11e5-ae1a-c8e0eb18c1e9', '2019-04-26T08:45:00', '2019-04-26T09:00:00', 'True', 'False'),
('695c12f6-d0d9-489a-8f2b-8184304943bd', '48cadf26-975e-11e5-b9c2-c8e0eb18c1e9', '452935de-975e-11e5-ae1a-c8e0eb18c1e9', '2019-04-26T09:00:00', '2019-04-26T09:15:00', 'True', 'False'),
('768de027-69dd-461e-b085-9416411867b4', '48cadf26-975e-11e5-b9c2-c8e0eb18c1e9', '4529821e-975e-11e5-bbaf-c8e0eb18c1e9', '2019-04-26T09:15:00', '2019-04-26T09:45:00', 'True', 'False'),
('a5fd3a3c-c0f7-4773-808b-f0aa084f8c4e', '48cadf26-975e-11e5-b9c2-c8e0eb18c1e9', '4529821e-975e-11e5-bbaf-c8e0eb18c1e9', '2019-04-26T09:45:00', '2019-04-26T10:15:00', 'True', 'False'),
('22b1f69c-99ba-485a-a313-97fbb82ea996', '48cadf26-975e-11e5-b9c2-c8e0eb18c1e9', '4529821e-975e-11e5-bbaf-c8e0eb18c1e9', '2019-04-26T10:15:00', '2019-04-26T10:45:00', 'True', 'False'),
('b62fc71d-7dd7-4471-91b5-ef96f69d4aec', '48cadf26-975e-11e5-b9c2-c8e0eb18c1e9', '4529821e-975e-11e5-bbaf-c8e0eb18c1e9', '2019-04-26T10:45:00', '2019-04-26T11:15:00', 'True', 'False'),
('e989289e-39f3-4ff4-b854-84e3b6489a25', '48cadf26-975e-11e5-b9c2-c8e0eb18c1e9', '4529821e-975e-11e5-bbaf-c8e0eb18c1e9', '2019-04-26T11:15:00', '2019-04-26T11:45:00', 'True', 'False'),
('dbafe433-4a4d-4a2a-98e0-39f87e0605f8', '48cadf26-975e-11e5-b9c2-c8e0eb18c1e9', '4529821e-975e-11e5-bbaf-c8e0eb18c1e9', '2019-04-26T11:45:00', '2019-04-26T12:15:00', 'True', 'False'),
('a3cb07c7-e56d-470b-8eb9-c39313a8d1fe', '48cadf26-975e-11e5-b9c2-c8e0eb18c1e9', '4529821e-975e-11e5-bbaf-c8e0eb18c1e9', '2019-04-26T12:15:00', '2019-04-26T12:45:00', 'True', 'False'),
('c0c4e85c-c9d4-4263-8162-fa2cd96feb80', '48cadf26-975e-11e5-b9c2-c8e0eb18c1e9', '4529821e-975e-11e5-bbaf-c8e0eb18c1e9', '2019-04-26T12:45:00', '2019-04-26T13:15:00', 'True', 'False'),
('1171958d-8066-4cf6-ba75-05ab39aa51f1', '48cadf26-975e-11e5-b9c2-c8e0eb18c1e9', '4529821e-975e-11e5-bbaf-c8e0eb18c1e9', '2019-04-26T13:15:00', '2019-04-26T13:45:00', 'True', 'False'),
('c18a90c9-9608-43b5-8b2b-ca12510efc89', '48cadf26-975e-11e5-b9c2-c8e0eb18c1e9', '4529821e-975e-11e5-bbaf-c8e0eb18c1e9', '2019-04-26T13:45:00', '2019-04-26T14:15:00', 'True', 'False'),
('3c5b3bdf-c859-4f74-b00f-e801d9d2c06b', '48cadf26-975e-11e5-b9c2-c8e0eb18c1e9', '452935de-975e-11e5-ae1a-c8e0eb18c1e9', '2019-04-26T14:15:00', '2019-04-26T14:30:00', 'True', 'False'),
('698f51b8-1bf4-4320-a1d4-ad91f3b5e25e', '48cadf26-975e-11e5-b9c2-c8e0eb18c1e9', '452935de-975e-11e5-ae1a-c8e0eb18c1e9', '2019-04-26T14:30:00', '2019-04-26T14:45:00', 'True', 'False'),
('745d319b-13c1-4596-8653-d214b24720c0', '48cadf26-975e-11e5-b9c2-c8e0eb18c1e9', '452935de-975e-11e5-ae1a-c8e0eb18c1e9', '2019-04-26T14:45:00', '2019-04-26T15:00:00', 'True', 'False'),
('8a52bc04-4482-4dfa-889b-3cb978166899', '48cadf26-975e-11e5-b9c2-c8e0eb18c1e9', '452935de-975e-11e5-ae1a-c8e0eb18c1e9', '2019-04-26T15:00:00', '2019-04-26T15:15:00', 'True', 'False'),
('99607b37-8d16-4740-933b-dda534b5a02c', '48cadf26-975e-11e5-b9c2-c8e0eb18c1e9', '452935de-975e-11e5-ae1a-c8e0eb18c1e9', '2019-04-26T15:15:00', '2019-04-26T15:30:00', 'True', 'False'),
('8eeca3cb-8fc5-4859-a5c8-1bb523402bde', '48cadf26-975e-11e5-b9c2-c8e0eb18c1e9', '452935de-975e-11e5-ae1a-c8e0eb18c1e9', '2019-04-26T15:30:00', '2019-04-26T15:45:00', 'True', 'False'),
('a6029de1-7af1-4feb-87e4-e2ca640b9cbe', '48cadf26-975e-11e5-b9c2-c8e0eb18c1e9', '452935de-975e-11e5-ae1a-c8e0eb18c1e9', '2019-04-26T15:45:00', '2019-04-26T16:00:00', 'True', 'False'),
('beb4b3db-aeb2-4944-8901-ffde4e32574d', '48cadf26-975e-11e5-b9c2-c8e0eb18c1e9', '452935de-975e-11e5-ae1a-c8e0eb18c1e9', '2019-04-26T16:00:00', '2019-04-26T16:15:00', 'True', 'False'),
('156bfdc3-e357-4137-a628-18f1723f36e5', '48cadf26-975e-11e5-b9c2-c8e0eb18c1e9', '452935de-975e-11e5-ae1a-c8e0eb18c1e9', '2019-04-26T16:15:00', '2019-04-26T16:30:00', 'True', 'False'),
('7cfa35d6-2530-4afc-bf80-1907fc229d08', '48cadf26-975e-11e5-b9c2-c8e0eb18c1e9', '452935de-975e-11e5-ae1a-c8e0eb18c1e9', '2019-04-26T16:30:00', '2019-04-26T16:45:00', 'True', 'False'),
('bbb1cb3f-749e-4f9f-a45d-890eb5c20766', '48cadf26-975e-11e5-b9c2-c8e0eb18c1e9', '452935de-975e-11e5-ae1a-c8e0eb18c1e9', '2019-04-26T16:45:00', '2019-04-26T17:00:00', 'True', 'False'),
('7e10fbcc-57a0-4bd2-aad9-b1ec7694662b', '48cadf26-975e-11e5-b9c2-c8e0eb18c1e9', '452935de-975e-11e5-ae1a-c8e0eb18c1e9', '2019-04-26T17:00:00', '2019-04-26T17:15:00', 'True', 'False'),
('22783637-7fd6-40f3-be5b-60bb96d13d24', '48cadf26-975e-11e5-b9c2-c8e0eb18c1e9', '452935de-975e-11e5-ae1a-c8e0eb18c1e9', '2019-04-26T17:15:00', '2019-04-26T17:30:00', 'True', 'False'),
('bb403f67-92f9-4310-9ca0-0c7c6a52585e', '48cadf26-975e-11e5-b9c2-c8e0eb18c1e9', '452935de-975e-11e5-ae1a-c8e0eb18c1e9', '2019-04-26T17:30:00', '2019-04-26T17:45:00', 'True', 'False'),
('ab3138f3-5508-4cdb-8ca3-455bc1add42f', '48cadf26-975e-11e5-b9c2-c8e0eb18c1e9', '452935de-975e-11e5-ae1a-c8e0eb18c1e9', '2019-04-26T17:45:00', '2019-04-26T18:00:00', 'True', 'False'),
('98919142-6877-4779-8c8f-6301dccf58ae', '48cadf26-975e-11e5-b9c2-c8e0eb18c1e9', '452935de-975e-11e5-ae1a-c8e0eb18c1e9', '2019-04-26T18:00:00', '2019-04-26T18:15:00', 'True', 'False'),
('28f22557-fd69-4ba1-9704-8f2662755cfa', '48cadf26-975e-11e5-b9c2-c8e0eb18c1e9', '452935de-975e-11e5-ae1a-c8e0eb18c1e9', '2019-04-26T18:15:00', '2019-04-26T18:30:00', 'True', 'False'),
('4f53126b-f6dc-4cb3-80ce-288add8b22bc', '48cadf26-975e-11e5-b9c2-c8e0eb18c1e9', '452935de-975e-11e5-ae1a-c8e0eb18c1e9', '2019-04-26T18:30:00', '2019-04-26T18:45:00', 'True', 'False'),
('a80b20e0-13df-45b8-b9c9-5d68decde03f', '48cadf26-975e-11e5-b9c2-c8e0eb18c1e9', '452935de-975e-11e5-ae1a-c8e0eb18c1e9', '2019-04-26T18:45:00', '2019-04-26T19:00:00', 'True', 'False'),
('342113fa-d0c2-4579-ad21-31f64032f38b', '48cadf26-975e-11e5-b9c2-c8e0eb18c1e9', '452935de-975e-11e5-ae1a-c8e0eb18c1e9', '2019-04-26T19:00:00', '2019-04-26T19:15:00', 'True', 'False'),
('c87e25b5-169e-4065-be3b-3d4dc0b0745d', '48cadf26-975e-11e5-b9c2-c8e0eb18c1e9', '452935de-975e-11e5-ae1a-c8e0eb18c1e9', '2019-04-26T19:15:00', '2019-04-26T19:30:00', 'True', 'False'),
('fb07c433-5caa-436f-839d-e7c2df5818e1', '48cadf26-975e-11e5-b9c2-c8e0eb18c1e9', '452935de-975e-11e5-ae1a-c8e0eb18c1e9', '2019-04-26T19:30:00', '2019-04-26T19:45:00', 'True', 'False'),
('876b448e-81ed-4fc2-a63e-85f1633b6377', '48cadf26-975e-11e5-b9c2-c8e0eb18c1e9', '452935de-975e-11e5-ae1a-c8e0eb18c1e9', '2019-04-26T19:45:00', '2019-04-26T20:00:00', 'True', 'False'),
('c531a136-f782-458e-97d0-fd591397b03e', '48cadf26-975e-11e5-b9c2-c8e0eb18c1e9', '452935de-975e-11e5-ae1a-c8e0eb18c1e9', '2019-04-27T08:00:00', '2019-04-27T08:15:00', 'True', 'False'),
('03c9c5f2-3a30-42f2-a77d-af5adbfb8454', '48cadf26-975e-11e5-b9c2-c8e0eb18c1e9', '452935de-975e-11e5-ae1a-c8e0eb18c1e9', '2019-04-27T08:15:00', '2019-04-27T08:30:00', 'True', 'False'),
('ee414474-98d9-42f4-bce9-f82e9acba19c', '48cadf26-975e-11e5-b9c2-c8e0eb18c1e9', '452935de-975e-11e5-ae1a-c8e0eb18c1e9', '2019-04-27T08:30:00', '2019-04-27T08:45:00', 'True', 'False'),
('e23d2721-d4e9-493d-b8f8-ec67e0e379b9', '48cadf26-975e-11e5-b9c2-c8e0eb18c1e9', '452935de-975e-11e5-ae1a-c8e0eb18c1e9', '2019-04-27T08:45:00', '2019-04-27T09:00:00', 'True', 'False'),
('58316e65-1a48-4674-ab4f-867f6251cdcb', '48cadf26-975e-11e5-b9c2-c8e0eb18c1e9', '452935de-975e-11e5-ae1a-c8e0eb18c1e9', '2019-04-27T09:00:00', '2019-04-27T09:15:00', 'True', 'False'),
('182a617b-bf43-4c95-be7a-5719e843496f', '48cadf26-975e-11e5-b9c2-c8e0eb18c1e9', '452935de-975e-11e5-ae1a-c8e0eb18c1e9', '2019-04-27T09:15:00', '2019-04-27T09:30:00', 'True', 'False'),
('7b84f523-41d8-4313-97dc-e03eb857ff81', '48cadf26-975e-11e5-b9c2-c8e0eb18c1e9', '452935de-975e-11e5-ae1a-c8e0eb18c1e9', '2019-04-27T09:30:00', '2019-04-27T09:45:00', 'True', 'False'),
('cc515c91-e78c-453d-939d-40fc804eeeed', '48cadf26-975e-11e5-b9c2-c8e0eb18c1e9', '452935de-975e-11e5-ae1a-c8e0eb18c1e9', '2019-04-27T09:45:00', '2019-04-27T10:00:00', 'True', 'False'),
('4ca2a7b7-cae8-46bd-8a7c-fb3a091a0d5b', '48cadf26-975e-11e5-b9c2-c8e0eb18c1e9', '452935de-975e-11e5-ae1a-c8e0eb18c1e9', '2019-04-27T10:00:00', '2019-04-27T10:15:00', 'True', 'False'),
('cd981ad6-6ca9-49c8-aa97-6a29dddace1b', '48cadf26-975e-11e5-b9c2-c8e0eb18c1e9', '452935de-975e-11e5-ae1a-c8e0eb18c1e9', '2019-04-27T10:15:00', '2019-04-27T10:30:00', 'True', 'False'),
('8d7dd72d-0a65-424b-8af1-deb4cfb113ea', '48cadf26-975e-11e5-b9c2-c8e0eb18c1e9', '452935de-975e-11e5-ae1a-c8e0eb18c1e9', '2019-04-27T10:30:00', '2019-04-27T10:45:00', 'True', 'False'),
('c91f509e-a332-4068-803a-bf297c5cce73', '48cadf26-975e-11e5-b9c2-c8e0eb18c1e9', '452935de-975e-11e5-ae1a-c8e0eb18c1e9', '2019-04-27T10:45:00', '2019-04-27T11:00:00', 'True', 'False'),
('d831ac30-271d-4a82-bb99-4e1330149d3f', '48cadf26-975e-11e5-b9c2-c8e0eb18c1e9', '452935de-975e-11e5-ae1a-c8e0eb18c1e9', '2019-04-27T11:00:00', '2019-04-27T11:15:00', 'True', 'False'),
('f3d9b8e5-7b88-45bf-91ff-c774d8a1902d', '48cadf26-975e-11e5-b9c2-c8e0eb18c1e9', '452935de-975e-11e5-ae1a-c8e0eb18c1e9', '2019-04-27T11:15:00', '2019-04-27T11:30:00', 'True', 'False'),
('a5d470e5-27d6-4b8c-9a97-907641f36222', '48cadf26-975e-11e5-b9c2-c8e0eb18c1e9', '452935de-975e-11e5-ae1a-c8e0eb18c1e9', '2019-04-27T11:30:00', '2019-04-27T11:45:00', 'True', 'False'),
('1ff06e3f-5786-452a-94ed-a76a7e83e141', '48cadf26-975e-11e5-b9c2-c8e0eb18c1e9', '4529821e-975e-11e5-bbaf-c8e0eb18c1e9', '2019-04-27T11:45:00', '2019-04-27T12:15:00', 'True', 'False'),
('3faa0dcc-0473-4380-b64d-92df505a7287', '48cadf26-975e-11e5-b9c2-c8e0eb18c1e9', '4529821e-975e-11e5-bbaf-c8e0eb18c1e9', '2019-04-27T12:15:00', '2019-04-27T12:45:00', 'True', 'False'),
('f4a24af6-4cf3-42c5-9314-1cf569d12bfe', '48cadf26-975e-11e5-b9c2-c8e0eb18c1e9', '4529821e-975e-11e5-bbaf-c8e0eb18c1e9', '2019-04-27T12:45:00', '2019-04-27T13:15:00', 'True', 'False'),
('5ddae375-cb4f-4ba1-9884-2cf1861eb81c', '48cadf26-975e-11e5-b9c2-c8e0eb18c1e9', '4529821e-975e-11e5-bbaf-c8e0eb18c1e9', '2019-04-27T13:15:00', '2019-04-27T13:45:00', 'True', 'False'),
('0f41b8f6-bd49-4565-ae7d-5ca5aa989a55', '48cadf26-975e-11e5-b9c2-c8e0eb18c1e9', '4529821e-975e-11e5-bbaf-c8e0eb18c1e9', '2019-04-27T13:45:00', '2019-04-27T14:15:00', 'True', 'False'),
('b80e7b4b-1de9-4127-a30a-33f01e675211', '48cadf26-975e-11e5-b9c2-c8e0eb18c1e9', '4529821e-975e-11e5-bbaf-c8e0eb18c1e9', '2019-04-27T14:15:00', '2019-04-27T14:45:00', 'True', 'False'),
('55ddc3b3-29ac-458a-a83b-bb1e90a154f6', '48cadf26-975e-11e5-b9c2-c8e0eb18c1e9', '4529821e-975e-11e5-bbaf-c8e0eb18c1e9', '2019-04-27T14:45:00', '2019-04-27T15:15:00', 'True', 'False'),
('3641cc77-e6c2-49db-b614-b60fbbdb638c', '48cadf26-975e-11e5-b9c2-c8e0eb18c1e9', '4529821e-975e-11e5-bbaf-c8e0eb18c1e9', '2019-04-27T15:15:00', '2019-04-27T15:45:00', 'True', 'False'),
('c61ac2ef-60cd-4013-9ca6-05d629cb72ff', '48cadf26-975e-11e5-b9c2-c8e0eb18c1e9', '4529821e-975e-11e5-bbaf-c8e0eb18c1e9', '2019-04-27T15:45:00', '2019-04-27T16:15:00', 'True', 'False'),
('54b148e3-cdf4-4ccb-8a3f-6781569c58fa', '48cadf26-975e-11e5-b9c2-c8e0eb18c1e9', '4529821e-975e-11e5-bbaf-c8e0eb18c1e9', '2019-04-27T16:15:00', '2019-04-27T16:45:00', 'True', 'False'),
('f4e53fc9-a4f3-437b-a264-37652aad3405', '48cadf26-975e-11e5-b9c2-c8e0eb18c1e9', '452935de-975e-11e5-ae1a-c8e0eb18c1e9', '2019-04-27T16:45:00', '2019-04-27T17:00:00', 'True', 'False'),
('a55dca25-64d1-4f91-98fb-cd561052f24f', '48cadf26-975e-11e5-b9c2-c8e0eb18c1e9', '452935de-975e-11e5-ae1a-c8e0eb18c1e9', '2019-04-27T17:00:00', '2019-04-27T17:15:00', 'True', 'False'),
('b484d7ab-1e5c-43b6-be18-3f92e23efa9b', '48cadf26-975e-11e5-b9c2-c8e0eb18c1e9', '452935de-975e-11e5-ae1a-c8e0eb18c1e9', '2019-04-27T17:15:00', '2019-04-27T17:30:00', 'True', 'False'),
('849ec39b-5ee1-407a-a12d-88047783d2ef', '48cadf26-975e-11e5-b9c2-c8e0eb18c1e9', '452935de-975e-11e5-ae1a-c8e0eb18c1e9', '2019-04-27T17:30:00', '2019-04-27T17:45:00', 'True', 'False'),
('e408efab-1d6d-42db-be6a-a154c0aacc1c', '48cadf26-975e-11e5-b9c2-c8e0eb18c1e9', '452935de-975e-11e5-ae1a-c8e0eb18c1e9', '2019-04-27T17:45:00', '2019-04-27T18:00:00', 'True', 'False'),
('0e6c1e45-d1d6-4236-a1d2-caf1d733d404', '48cadf26-975e-11e5-b9c2-c8e0eb18c1e9', '452935de-975e-11e5-ae1a-c8e0eb18c1e9', '2019-04-27T18:00:00', '2019-04-27T18:15:00', 'True', 'False'),
('4ef26dce-e5f2-4592-bff5-47e34d01e320', '48cadf26-975e-11e5-b9c2-c8e0eb18c1e9', '452935de-975e-11e5-ae1a-c8e0eb18c1e9', '2019-04-27T18:15:00', '2019-04-27T18:30:00', 'True', 'False'),
('cc35d346-bf2b-412c-ba5f-2918832fc91b', '48cadf26-975e-11e5-b9c2-c8e0eb18c1e9', '452935de-975e-11e5-ae1a-c8e0eb18c1e9', '2019-04-27T18:30:00', '2019-04-27T18:45:00', 'True', 'False'),
('fc0523f9-1993-45f9-be80-72d8622b6cac', '48cadf26-975e-11e5-b9c2-c8e0eb18c1e9', '452935de-975e-11e5-ae1a-c8e0eb18c1e9', '2019-04-27T18:45:00', '2019-04-27T19:00:00', 'True', 'False'),
('9a6270d4-bd83-4856-878d-e9707722a6bf', '48cadf26-975e-11e5-b9c2-c8e0eb18c1e9', '452935de-975e-11e5-ae1a-c8e0eb18c1e9', '2019-04-27T19:00:00', '2019-04-27T19:15:00', 'True', 'False'),
('9f6ce7ac-90c0-4708-bac3-c04eee977fea', '48cadf26-975e-11e5-b9c2-c8e0eb18c1e9', '452935de-975e-11e5-ae1a-c8e0eb18c1e9', '2019-04-27T19:15:00', '2019-04-27T19:30:00', 'True', 'False'),
('823e7e9f-c907-40bc-b995-46981a8c3602', '48cadf26-975e-11e5-b9c2-c8e0eb18c1e9', '452935de-975e-11e5-ae1a-c8e0eb18c1e9', '2019-04-27T19:30:00', '2019-04-27T19:45:00', 'True', 'False'),
('25bd0e1d-76be-44d0-9071-796d4a6ddd93', '48cadf26-975e-11e5-b9c2-c8e0eb18c1e9', '452935de-975e-11e5-ae1a-c8e0eb18c1e9', '2019-04-27T19:45:00', '2019-04-27T20:00:00', 'True', 'False'),
('5e45f15a-ec56-44a3-a952-36886091501f', '452dccfc-975e-11e5-bfa5-c8e0eb18c1e9', '4529821e-975e-11e5-bbaf-c8e0eb18c1e9', '2019-04-23T08:00:00', '2019-04-23T08:30:00', 'True', 'False'),
('e796f93e-cf01-4ad8-8383-8272eb5f2387', '452dccfc-975e-11e5-bfa5-c8e0eb18c1e9', '4529821e-975e-11e5-bbaf-c8e0eb18c1e9', '2019-04-23T08:30:00', '2019-04-23T09:00:00', 'True', 'False'),
('706c523c-a8ed-4e8b-9449-28b3761ab87c', '452dccfc-975e-11e5-bfa5-c8e0eb18c1e9', '4529821e-975e-11e5-bbaf-c8e0eb18c1e9', '2019-04-23T09:00:00', '2019-04-23T09:30:00', 'True', 'False'),
('e528baee-8192-485a-9859-ff37f0d7dd6c', '452dccfc-975e-11e5-bfa5-c8e0eb18c1e9', '4529821e-975e-11e5-bbaf-c8e0eb18c1e9', '2019-04-23T09:30:00', '2019-04-23T10:00:00', 'True', 'False'),
('aa4874cf-186c-42b4-a3e9-ca193aec59aa', '452dccfc-975e-11e5-bfa5-c8e0eb18c1e9', '4529821e-975e-11e5-bbaf-c8e0eb18c1e9', '2019-04-23T10:00:00', '2019-04-23T10:30:00', 'True', 'False'),
('d3cf5d65-9a9b-420d-a4bb-69129490a04a', '452dccfc-975e-11e5-bfa5-c8e0eb18c1e9', '4529821e-975e-11e5-bbaf-c8e0eb18c1e9', '2019-04-23T10:30:00', '2019-04-23T11:00:00', 'True', 'False'),
('83cc686c-3eb5-43de-aa84-2cae1900a6e2', '452dccfc-975e-11e5-bfa5-c8e0eb18c1e9', '4529821e-975e-11e5-bbaf-c8e0eb18c1e9', '2019-04-23T11:00:00', '2019-04-23T11:30:00', 'True', 'False'),
('14118f67-fdcc-4863-a570-e0de582b95be', '452dccfc-975e-11e5-bfa5-c8e0eb18c1e9', '4529821e-975e-11e5-bbaf-c8e0eb18c1e9', '2019-04-23T11:30:00', '2019-04-23T12:00:00', 'True', 'False'),
('c9994464-bc53-4a94-8fa7-b82eea6b24cb', '452dccfc-975e-11e5-bfa5-c8e0eb18c1e9', '4529821e-975e-11e5-bbaf-c8e0eb18c1e9', '2019-04-23T12:00:00', '2019-04-23T12:30:00', 'True', 'False'),
('43a528d0-96b4-47a3-a454-c9bbae19b4f2', '452dccfc-975e-11e5-bfa5-c8e0eb18c1e9', '4529821e-975e-11e5-bbaf-c8e0eb18c1e9', '2019-04-23T12:30:00', '2019-04-23T13:00:00', 'True', 'False'),
('fcba138b-ce26-41ea-b89a-b4a14cd0294b', '452dccfc-975e-11e5-bfa5-c8e0eb18c1e9', '4529821e-975e-11e5-bbaf-c8e0eb18c1e9', '2019-04-23T13:00:00', '2019-04-23T13:30:00', 'True', 'False'),
('df21e8bd-d2db-47e0-951e-d5b8c6eecd85', '452dccfc-975e-11e5-bfa5-c8e0eb18c1e9', '4529821e-975e-11e5-bbaf-c8e0eb18c1e9', '2019-04-23T13:30:00', '2019-04-23T14:00:00', 'True', 'False'),
('8a197e6b-1d05-42d5-80f9-565e3daa2a59', '452dccfc-975e-11e5-bfa5-c8e0eb18c1e9', '4529821e-975e-11e5-bbaf-c8e0eb18c1e9', '2019-04-23T14:00:00', '2019-04-23T14:30:00', 'True', 'False'),
('9e78075f-c300-404d-88db-601cec951161', '452dccfc-975e-11e5-bfa5-c8e0eb18c1e9', '4529821e-975e-11e5-bbaf-c8e0eb18c1e9', '2019-04-23T14:30:00', '2019-04-23T15:00:00', 'True', 'False'),
('5b32f94e-6b71-456d-b663-a7360b762a50', '452dccfc-975e-11e5-bfa5-c8e0eb18c1e9', '4529821e-975e-11e5-bbaf-c8e0eb18c1e9', '2019-04-23T15:00:00', '2019-04-23T15:30:00', 'True', 'False'),
('c0c0959c-d8f5-4ce3-be0c-eca190e213ef', '452dccfc-975e-11e5-bfa5-c8e0eb18c1e9', '452935de-975e-11e5-ae1a-c8e0eb18c1e9', '2019-04-23T15:30:00', '2019-04-23T15:45:00', 'True', 'False'),
('21595af8-b916-461a-bd2f-7b4290a5228a', '452dccfc-975e-11e5-bfa5-c8e0eb18c1e9', '452935de-975e-11e5-ae1a-c8e0eb18c1e9', '2019-04-23T15:45:00', '2019-04-23T16:00:00', 'True', 'False'),
('39c9bda9-a4a1-4fb7-8bd4-3b49a43e139b', '452dccfc-975e-11e5-bfa5-c8e0eb18c1e9', '452935de-975e-11e5-ae1a-c8e0eb18c1e9', '2019-04-23T16:00:00', '2019-04-23T16:15:00', 'True', 'False'),
('6f402147-2dd0-4fc6-84b5-ccef51ac980e', '452dccfc-975e-11e5-bfa5-c8e0eb18c1e9', '452935de-975e-11e5-ae1a-c8e0eb18c1e9', '2019-04-23T16:15:00', '2019-04-23T16:30:00', 'True', 'False'),
('48473b5f-5b07-486e-a5bc-6230053ac560', '452dccfc-975e-11e5-bfa5-c8e0eb18c1e9', '452935de-975e-11e5-ae1a-c8e0eb18c1e9', '2019-04-23T16:30:00', '2019-04-23T16:45:00', 'True', 'False'),
('c52e2628-cc86-46c5-95fa-46afdfca9012', '452dccfc-975e-11e5-bfa5-c8e0eb18c1e9', '452935de-975e-11e5-ae1a-c8e0eb18c1e9', '2019-04-23T16:45:00', '2019-04-23T17:00:00', 'True', 'False'),
('36d9230d-0675-46a6-867d-49a80fb70e5a', '452dccfc-975e-11e5-bfa5-c8e0eb18c1e9', '452935de-975e-11e5-ae1a-c8e0eb18c1e9', '2019-04-23T17:00:00', '2019-04-23T17:15:00', 'True', 'False'),
('30a42062-1d06-4d45-8c47-ef9664eac91d', '452dccfc-975e-11e5-bfa5-c8e0eb18c1e9', '452935de-975e-11e5-ae1a-c8e0eb18c1e9', '2019-04-23T17:15:00', '2019-04-23T17:30:00', 'True', 'False'),
('538fd3af-fac3-489b-98d0-3d1c93314a49', '452dccfc-975e-11e5-bfa5-c8e0eb18c1e9', '452935de-975e-11e5-ae1a-c8e0eb18c1e9', '2019-04-23T17:30:00', '2019-04-23T17:45:00', 'True', 'False'),
('45d45627-9415-485e-8582-d162a0ddebaf', '452dccfc-975e-11e5-bfa5-c8e0eb18c1e9', '452935de-975e-11e5-ae1a-c8e0eb18c1e9', '2019-04-23T17:45:00', '2019-04-23T18:00:00', 'True', 'False'),
('9cd68840-8bb9-4895-b201-77dff8369170', '452dccfc-975e-11e5-bfa5-c8e0eb18c1e9', '452935de-975e-11e5-ae1a-c8e0eb18c1e9', '2019-04-23T18:00:00', '2019-04-23T18:15:00', 'True', 'False'),
('82ae94ed-367e-4511-a6cf-83d076ce1bf2', '452dccfc-975e-11e5-bfa5-c8e0eb18c1e9', '452935de-975e-11e5-ae1a-c8e0eb18c1e9', '2019-04-23T18:15:00', '2019-04-23T18:30:00', 'True', 'False'),
('4c32e0e5-6e17-4d3e-87c2-3dae29079fd4', '452dccfc-975e-11e5-bfa5-c8e0eb18c1e9', '452935de-975e-11e5-ae1a-c8e0eb18c1e9', '2019-04-23T18:30:00', '2019-04-23T18:45:00', 'True', 'False'),
('12cb4e57-a912-4b84-8f3e-69b1b56560e6', '452dccfc-975e-11e5-bfa5-c8e0eb18c1e9', '452935de-975e-11e5-ae1a-c8e0eb18c1e9', '2019-04-23T18:45:00', '2019-04-23T19:00:00', 'True', 'False'),
('85e83d96-dd26-4e60-8d0f-e517f44bb88c', '452dccfc-975e-11e5-bfa5-c8e0eb18c1e9', '452935de-975e-11e5-ae1a-c8e0eb18c1e9', '2019-04-23T19:00:00', '2019-04-23T19:15:00', 'True', 'False'),
('2bf246d9-9cf9-456c-8edc-ea30a9efd5fc', '452dccfc-975e-11e5-bfa5-c8e0eb18c1e9', '452935de-975e-11e5-ae1a-c8e0eb18c1e9', '2019-04-23T19:15:00', '2019-04-23T19:30:00', 'True', 'False'),
('da80e7a1-b55b-4210-ad7d-f39b410433b6', '452dccfc-975e-11e5-bfa5-c8e0eb18c1e9', '452935de-975e-11e5-ae1a-c8e0eb18c1e9', '2019-04-23T19:30:00', '2019-04-23T19:45:00', 'True', 'False'),
('9f4a242c-983a-40c3-a675-6da05f4096a1', '452dccfc-975e-11e5-bfa5-c8e0eb18c1e9', '452935de-975e-11e5-ae1a-c8e0eb18c1e9', '2019-04-23T19:45:00', '2019-04-23T20:00:00', 'True', 'False'),
('e3a052ff-fcbf-4c67-aa43-d42fccffb766', '452dccfc-975e-11e5-bfa5-c8e0eb18c1e9', '4529821e-975e-11e5-bbaf-c8e0eb18c1e9', '2019-04-24T08:00:00', '2019-04-24T08:30:00', 'True', 'False'),
('602d3a59-7d0c-409f-ac29-b12469c58d16', '452dccfc-975e-11e5-bfa5-c8e0eb18c1e9', '4529821e-975e-11e5-bbaf-c8e0eb18c1e9', '2019-04-24T08:30:00', '2019-04-24T09:00:00', 'True', 'False'),
('ca01471d-4885-4276-a031-de485be4acf3', '452dccfc-975e-11e5-bfa5-c8e0eb18c1e9', '4529821e-975e-11e5-bbaf-c8e0eb18c1e9', '2019-04-24T09:00:00', '2019-04-24T09:30:00', 'True', 'False'),
('d54ecf68-59c8-4514-9498-7c40703fa422', '452dccfc-975e-11e5-bfa5-c8e0eb18c1e9', '4529821e-975e-11e5-bbaf-c8e0eb18c1e9', '2019-04-24T09:30:00', '2019-04-24T10:00:00', 'True', 'False'),
('fa0fb2fb-ef24-41d5-8d32-9b7eb4c0beb5', '452dccfc-975e-11e5-bfa5-c8e0eb18c1e9', '4529821e-975e-11e5-bbaf-c8e0eb18c1e9', '2019-04-24T10:00:00', '2019-04-24T10:30:00', 'True', 'False'),
('91164e44-cc2a-451c-8fdb-907b0bf821d1', '452dccfc-975e-11e5-bfa5-c8e0eb18c1e9', '452935de-975e-11e5-ae1a-c8e0eb18c1e9', '2019-04-24T10:30:00', '2019-04-24T10:45:00', 'True', 'False'),
('d007e21e-4745-49e5-b6de-9d44f98bd8bb', '452dccfc-975e-11e5-bfa5-c8e0eb18c1e9', '452935de-975e-11e5-ae1a-c8e0eb18c1e9', '2019-04-24T10:45:00', '2019-04-24T11:00:00', 'True', 'False'),
('861169fa-4464-491b-8609-eff140e4e94c', '452dccfc-975e-11e5-bfa5-c8e0eb18c1e9', '452935de-975e-11e5-ae1a-c8e0eb18c1e9', '2019-04-24T11:00:00', '2019-04-24T11:15:00', 'True', 'False'),
('93b34513-192d-4e7e-a8af-fc7e86257632', '452dccfc-975e-11e5-bfa5-c8e0eb18c1e9', '452935de-975e-11e5-ae1a-c8e0eb18c1e9', '2019-04-24T11:15:00', '2019-04-24T11:30:00', 'True', 'False'),
('ed928300-87c8-4427-aa01-6d3cf4c3fbe1', '452dccfc-975e-11e5-bfa5-c8e0eb18c1e9', '452935de-975e-11e5-ae1a-c8e0eb18c1e9', '2019-04-24T11:30:00', '2019-04-24T11:45:00', 'True', 'False'),
('a4c18890-ffe4-4a6d-b153-df5baaae8445', '452dccfc-975e-11e5-bfa5-c8e0eb18c1e9', '4529821e-975e-11e5-bbaf-c8e0eb18c1e9', '2019-04-24T11:45:00', '2019-04-24T12:15:00', 'True', 'False'),
('95f7f127-d760-46fe-9059-f453136299ff', '452dccfc-975e-11e5-bfa5-c8e0eb18c1e9', '4529821e-975e-11e5-bbaf-c8e0eb18c1e9', '2019-04-24T12:15:00', '2019-04-24T12:45:00', 'True', 'False'),
('83ff6004-4c87-4f3f-ac40-19b5199daef4', '452dccfc-975e-11e5-bfa5-c8e0eb18c1e9', '4529821e-975e-11e5-bbaf-c8e0eb18c1e9', '2019-04-24T12:45:00', '2019-04-24T13:15:00', 'True', 'False'),
('5fb0b99a-a91d-45a5-beed-d067c4f5a207', '452dccfc-975e-11e5-bfa5-c8e0eb18c1e9', '4529821e-975e-11e5-bbaf-c8e0eb18c1e9', '2019-04-24T13:15:00', '2019-04-24T13:45:00', 'True', 'False'),
('945e0f1d-5a53-4abb-848d-a23e8e8c52aa', '452dccfc-975e-11e5-bfa5-c8e0eb18c1e9', '4529821e-975e-11e5-bbaf-c8e0eb18c1e9', '2019-04-24T13:45:00', '2019-04-24T14:15:00', 'True', 'False'),
('ac4fa023-1a84-494f-b478-cc5d8314510a', '452dccfc-975e-11e5-bfa5-c8e0eb18c1e9', '4529821e-975e-11e5-bbaf-c8e0eb18c1e9', '2019-04-24T14:15:00', '2019-04-24T14:45:00', 'True', 'False'),
('90035911-7283-4196-bcf2-ef0f181bae7c', '452dccfc-975e-11e5-bfa5-c8e0eb18c1e9', '4529821e-975e-11e5-bbaf-c8e0eb18c1e9', '2019-04-24T14:45:00', '2019-04-24T15:15:00', 'True', 'False'),
('3911019f-bdf6-408b-8f07-8c6e81294a48', '452dccfc-975e-11e5-bfa5-c8e0eb18c1e9', '4529821e-975e-11e5-bbaf-c8e0eb18c1e9', '2019-04-24T15:15:00', '2019-04-24T15:45:00', 'True', 'False'),
('98363a72-13fb-4eb9-bab1-3c46f4a9f2d9', '452dccfc-975e-11e5-bfa5-c8e0eb18c1e9', '4529821e-975e-11e5-bbaf-c8e0eb18c1e9', '2019-04-24T15:45:00', '2019-04-24T16:15:00', 'True', 'False'),
('ac13d50d-1e8f-450b-8733-784accd74c42', '452dccfc-975e-11e5-bfa5-c8e0eb18c1e9', '4529821e-975e-11e5-bbaf-c8e0eb18c1e9', '2019-04-24T16:15:00', '2019-04-24T16:45:00', 'True', 'False'),
('96792974-ed39-4551-8abf-e1b83b844643', '452dccfc-975e-11e5-bfa5-c8e0eb18c1e9', '4529821e-975e-11e5-bbaf-c8e0eb18c1e9', '2019-04-24T16:45:00', '2019-04-24T17:15:00', 'True', 'False'),
('99495067-c5e4-4024-a14d-1c9b5d4a5edc', '452dccfc-975e-11e5-bfa5-c8e0eb18c1e9', '4529821e-975e-11e5-bbaf-c8e0eb18c1e9', '2019-04-24T17:15:00', '2019-04-24T17:45:00', 'True', 'False'),
('cb1d2ab6-5c92-4279-a76a-e69501601aa9', '452dccfc-975e-11e5-bfa5-c8e0eb18c1e9', '4529821e-975e-11e5-bbaf-c8e0eb18c1e9', '2019-04-24T17:45:00', '2019-04-24T18:15:00', 'True', 'False'),
('70c23d0a-e12f-4eda-9f34-06bdd3f0dce9', '452dccfc-975e-11e5-bfa5-c8e0eb18c1e9', '4529821e-975e-11e5-bbaf-c8e0eb18c1e9', '2019-04-24T18:15:00', '2019-04-24T18:45:00', 'True', 'False'),
('40a3a0c1-fc22-4d7a-80b7-22faa5aba6c9', '452dccfc-975e-11e5-bfa5-c8e0eb18c1e9', '4529821e-975e-11e5-bbaf-c8e0eb18c1e9', '2019-04-24T18:45:00', '2019-04-24T19:15:00', 'True', 'False'),
('12f181e5-073b-4f94-a8ad-35f60fbc7ae7', '452dccfc-975e-11e5-bfa5-c8e0eb18c1e9', '4529821e-975e-11e5-bbaf-c8e0eb18c1e9', '2019-04-24T19:15:00', '2019-04-24T19:45:00', 'True', 'False'),
('9597e289-4cf6-47b5-88eb-470525b318a2', '452dccfc-975e-11e5-bfa5-c8e0eb18c1e9', '4529821e-975e-11e5-bbaf-c8e0eb18c1e9', '2019-04-24T19:45:00', '2019-04-24T20:15:00', 'True', 'False'),
('317354d0-0e84-4007-b9ff-530d195220a6', '452dccfc-975e-11e5-bfa5-c8e0eb18c1e9', '4529821e-975e-11e5-bbaf-c8e0eb18c1e9', '2019-04-25T08:00:00', '2019-04-25T08:30:00', 'True', 'False'),
('50734d13-2ccf-45f5-bc43-538edd677d70', '452dccfc-975e-11e5-bfa5-c8e0eb18c1e9', '4529821e-975e-11e5-bbaf-c8e0eb18c1e9', '2019-04-25T08:30:00', '2019-04-25T09:00:00', 'True', 'False'),
('a3afa123-6d07-4fff-8cb1-2fe5b8ddb6c7', '452dccfc-975e-11e5-bfa5-c8e0eb18c1e9', '4529821e-975e-11e5-bbaf-c8e0eb18c1e9', '2019-04-25T09:00:00', '2019-04-25T09:30:00', 'True', 'False'),
('9e6d9ebd-2c7c-4728-9f50-3c0ef5a2598e', '452dccfc-975e-11e5-bfa5-c8e0eb18c1e9', '4529821e-975e-11e5-bbaf-c8e0eb18c1e9', '2019-04-25T09:30:00', '2019-04-25T10:00:00', 'True', 'False'),
('dfeb9eb9-c79c-42e9-b005-f2c8aaf4c3ce', '452dccfc-975e-11e5-bfa5-c8e0eb18c1e9', '4529821e-975e-11e5-bbaf-c8e0eb18c1e9', '2019-04-25T10:00:00', '2019-04-25T10:30:00', 'True', 'False'),
('6ad9e972-d7ee-4c29-8ac6-f34b6a0a8865', '452dccfc-975e-11e5-bfa5-c8e0eb18c1e9', '4529821e-975e-11e5-bbaf-c8e0eb18c1e9', '2019-04-25T10:30:00', '2019-04-25T11:00:00', 'True', 'False'),
('4bca8695-bc36-4bbd-aa92-9479e7f0f761', '452dccfc-975e-11e5-bfa5-c8e0eb18c1e9', '4529821e-975e-11e5-bbaf-c8e0eb18c1e9', '2019-04-25T11:00:00', '2019-04-25T11:30:00', 'True', 'False'),
('c1353fd1-67cf-4049-89fb-3fe15b2b3479', '452dccfc-975e-11e5-bfa5-c8e0eb18c1e9', '4529821e-975e-11e5-bbaf-c8e0eb18c1e9', '2019-04-25T11:30:00', '2019-04-25T12:00:00', 'True', 'False'),
('57320aa8-5a17-404e-993b-8ffad7ce622c', '452dccfc-975e-11e5-bfa5-c8e0eb18c1e9', '4529821e-975e-11e5-bbaf-c8e0eb18c1e9', '2019-04-25T12:00:00', '2019-04-25T12:30:00', 'True', 'False'),
('4ccb66fa-2ef7-4421-8c18-98fbbc901381', '452dccfc-975e-11e5-bfa5-c8e0eb18c1e9', '4529821e-975e-11e5-bbaf-c8e0eb18c1e9', '2019-04-25T12:30:00', '2019-04-25T13:00:00', 'True', 'False'),
('2e5fc8dd-c0a9-45bb-b31c-10a3cca7b8cb', '452dccfc-975e-11e5-bfa5-c8e0eb18c1e9', '4529821e-975e-11e5-bbaf-c8e0eb18c1e9', '2019-04-25T13:00:00', '2019-04-25T13:30:00', 'True', 'False'),
('add4bc41-a528-4c4f-ba73-737d4fbbf082', '452dccfc-975e-11e5-bfa5-c8e0eb18c1e9', '4529821e-975e-11e5-bbaf-c8e0eb18c1e9', '2019-04-25T13:30:00', '2019-04-25T14:00:00', 'True', 'False'),
('6170ffe6-2a59-4a26-9a61-a1d900f78520', '452dccfc-975e-11e5-bfa5-c8e0eb18c1e9', '4529821e-975e-11e5-bbaf-c8e0eb18c1e9', '2019-04-25T14:00:00', '2019-04-25T14:30:00', 'True', 'False'),
('bb72e299-07a3-487e-aa39-339775391cb5', '452dccfc-975e-11e5-bfa5-c8e0eb18c1e9', '4529821e-975e-11e5-bbaf-c8e0eb18c1e9', '2019-04-25T14:30:00', '2019-04-25T15:00:00', 'True', 'False'),
('5f6ae0ad-cd78-4af7-a591-a2b493ef38a3', '452dccfc-975e-11e5-bfa5-c8e0eb18c1e9', '4529821e-975e-11e5-bbaf-c8e0eb18c1e9', '2019-04-25T15:00:00', '2019-04-25T15:30:00', 'True', 'False'),
('170f56e5-727e-4e86-bef5-e33ae5b281f6', '452dccfc-975e-11e5-bfa5-c8e0eb18c1e9', '452935de-975e-11e5-ae1a-c8e0eb18c1e9', '2019-04-25T15:30:00', '2019-04-25T15:45:00', 'True', 'False'),
('f619eb8d-2348-4b87-b758-59f94f6ec29e', '452dccfc-975e-11e5-bfa5-c8e0eb18c1e9', '452935de-975e-11e5-ae1a-c8e0eb18c1e9', '2019-04-25T15:45:00', '2019-04-25T16:00:00', 'True', 'False'),
('96f2b6d4-2861-450c-a8ed-01c520fd4e5b', '452dccfc-975e-11e5-bfa5-c8e0eb18c1e9', '452935de-975e-11e5-ae1a-c8e0eb18c1e9', '2019-04-25T16:00:00', '2019-04-25T16:15:00', 'True', 'False'),
('b61b9189-dac6-4d85-9cf6-cfe5f09055b0', '452dccfc-975e-11e5-bfa5-c8e0eb18c1e9', '452935de-975e-11e5-ae1a-c8e0eb18c1e9', '2019-04-25T16:15:00', '2019-04-25T16:30:00', 'True', 'False'),
('e8272518-6847-4c91-8045-5457b6aee575', '452dccfc-975e-11e5-bfa5-c8e0eb18c1e9', '452935de-975e-11e5-ae1a-c8e0eb18c1e9', '2019-04-25T16:30:00', '2019-04-25T16:45:00', 'True', 'False'),
('1498d7d2-ad2f-4db7-9a34-4c079b3289af', '452dccfc-975e-11e5-bfa5-c8e0eb18c1e9', '452935de-975e-11e5-ae1a-c8e0eb18c1e9', '2019-04-25T16:45:00', '2019-04-25T17:00:00', 'True', 'False'),
('4878f3ba-c243-4052-a6ab-e29418a02654', '452dccfc-975e-11e5-bfa5-c8e0eb18c1e9', '452935de-975e-11e5-ae1a-c8e0eb18c1e9', '2019-04-25T17:00:00', '2019-04-25T17:15:00', 'True', 'False'),
('825dd863-c692-4547-8aa5-add26da7b63a', '452dccfc-975e-11e5-bfa5-c8e0eb18c1e9', '452935de-975e-11e5-ae1a-c8e0eb18c1e9', '2019-04-25T17:15:00', '2019-04-25T17:30:00', 'True', 'False'),
('08f0a154-699f-40b2-b332-44128cbd964c', '452dccfc-975e-11e5-bfa5-c8e0eb18c1e9', '452935de-975e-11e5-ae1a-c8e0eb18c1e9', '2019-04-25T17:30:00', '2019-04-25T17:45:00', 'True', 'False'),
('639c92a3-c016-4e7b-9a40-ebc853664746', '452dccfc-975e-11e5-bfa5-c8e0eb18c1e9', '452935de-975e-11e5-ae1a-c8e0eb18c1e9', '2019-04-25T17:45:00', '2019-04-25T18:00:00', 'True', 'False'),
('84581c68-c8d8-469e-97dc-4df2684db6b9', '452dccfc-975e-11e5-bfa5-c8e0eb18c1e9', '452935de-975e-11e5-ae1a-c8e0eb18c1e9', '2019-04-25T18:00:00', '2019-04-25T18:15:00', 'True', 'False'),
('d67a5a7c-d043-4316-a0a0-31db7f597f51', '452dccfc-975e-11e5-bfa5-c8e0eb18c1e9', '452935de-975e-11e5-ae1a-c8e0eb18c1e9', '2019-04-25T18:15:00', '2019-04-25T18:30:00', 'True', 'False'),
('0d7e0d50-c0bb-44c5-8b70-59eafa788bd0', '452dccfc-975e-11e5-bfa5-c8e0eb18c1e9', '452935de-975e-11e5-ae1a-c8e0eb18c1e9', '2019-04-25T18:30:00', '2019-04-25T18:45:00', 'True', 'False'),
('ff61c58d-6d7b-4c2d-8462-541984fb7901', '452dccfc-975e-11e5-bfa5-c8e0eb18c1e9', '452935de-975e-11e5-ae1a-c8e0eb18c1e9', '2019-04-25T18:45:00', '2019-04-25T19:00:00', 'True', 'False'),
('4c16c1e3-7fc4-4d94-b09c-13b2fa42dc9e', '452dccfc-975e-11e5-bfa5-c8e0eb18c1e9', '452935de-975e-11e5-ae1a-c8e0eb18c1e9', '2019-04-25T19:00:00', '2019-04-25T19:15:00', 'True', 'False'),
('1d490cd4-58cb-47e7-872c-78763e85b5a2', '452dccfc-975e-11e5-bfa5-c8e0eb18c1e9', '4529821e-975e-11e5-bbaf-c8e0eb18c1e9', '2019-04-25T19:15:00', '2019-04-25T19:45:00', 'True', 'False'),
('6cb3b007-fc02-4efe-a06d-6d328ba84918', '452dccfc-975e-11e5-bfa5-c8e0eb18c1e9', '4529821e-975e-11e5-bbaf-c8e0eb18c1e9', '2019-04-25T19:45:00', '2019-04-25T20:15:00', 'True', 'False'),
('54bee9e6-6787-425d-a2ce-1f0ed94acae8', '452dccfc-975e-11e5-bfa5-c8e0eb18c1e9', '4529821e-975e-11e5-bbaf-c8e0eb18c1e9', '2019-04-26T08:00:00', '2019-04-26T08:30:00', 'True', 'False'),
('24672a25-1449-4f67-ae20-fee1f5d1522b', '452dccfc-975e-11e5-bfa5-c8e0eb18c1e9', '4529821e-975e-11e5-bbaf-c8e0eb18c1e9', '2019-04-26T08:30:00', '2019-04-26T09:00:00', 'True', 'False'),
('c1711487-5b26-4080-8794-31312d1a6326', '452dccfc-975e-11e5-bfa5-c8e0eb18c1e9', '4529821e-975e-11e5-bbaf-c8e0eb18c1e9', '2019-04-26T09:00:00', '2019-04-26T09:30:00', 'True', 'False'),
('7c67a42e-d444-42f3-9ed4-e68d71d17107', '452dccfc-975e-11e5-bfa5-c8e0eb18c1e9', '4529821e-975e-11e5-bbaf-c8e0eb18c1e9', '2019-04-26T09:30:00', '2019-04-26T10:00:00', 'True', 'False'),
('3b3c2977-9bd2-451a-950b-f84229d97523', '452dccfc-975e-11e5-bfa5-c8e0eb18c1e9', '4529821e-975e-11e5-bbaf-c8e0eb18c1e9', '2019-04-26T10:00:00', '2019-04-26T10:30:00', 'True', 'False'),
('dff3a993-9971-4b19-acea-b48dcecbcdde', '452dccfc-975e-11e5-bfa5-c8e0eb18c1e9', '4529821e-975e-11e5-bbaf-c8e0eb18c1e9', '2019-04-26T10:30:00', '2019-04-26T11:00:00', 'True', 'False'),
('e5f4df7c-5298-4ccb-bb3e-ced355d49099', '452dccfc-975e-11e5-bfa5-c8e0eb18c1e9', '4529821e-975e-11e5-bbaf-c8e0eb18c1e9', '2019-04-26T11:00:00', '2019-04-26T11:30:00', 'True', 'False'),
('43b39cad-4064-478b-a892-506f2a9db753', '452dccfc-975e-11e5-bfa5-c8e0eb18c1e9', '4529821e-975e-11e5-bbaf-c8e0eb18c1e9', '2019-04-26T11:30:00', '2019-04-26T12:00:00', 'True', 'False'),
('b742aed2-8311-424d-9af6-900be1633721', '452dccfc-975e-11e5-bfa5-c8e0eb18c1e9', '4529821e-975e-11e5-bbaf-c8e0eb18c1e9', '2019-04-26T12:00:00', '2019-04-26T12:30:00', 'True', 'False'),
('d635ed7b-1099-4133-a682-f4a93431d535', '452dccfc-975e-11e5-bfa5-c8e0eb18c1e9', '4529821e-975e-11e5-bbaf-c8e0eb18c1e9', '2019-04-26T12:30:00', '2019-04-26T13:00:00', 'True', 'False'),
('ffc93fe7-e3b1-454a-8876-ac678882b2e7', '452dccfc-975e-11e5-bfa5-c8e0eb18c1e9', '4529821e-975e-11e5-bbaf-c8e0eb18c1e9', '2019-04-26T13:00:00', '2019-04-26T13:30:00', 'True', 'False'),
('ba1e501d-94a4-47f0-8199-7dfa7f4dbb6e', '452dccfc-975e-11e5-bfa5-c8e0eb18c1e9', '4529821e-975e-11e5-bbaf-c8e0eb18c1e9', '2019-04-26T13:30:00', '2019-04-26T14:00:00', 'True', 'False'),
('976b6b11-8bdd-41f7-a2a9-622cfd6abf89', '452dccfc-975e-11e5-bfa5-c8e0eb18c1e9', '4529821e-975e-11e5-bbaf-c8e0eb18c1e9', '2019-04-26T14:00:00', '2019-04-26T14:30:00', 'True', 'False');
INSERT INTO `timeslots` (`timeslots_id`, `timeslots_calendar_id`, `timeslots_type_id`, `timeslots_start`, `timeslots_end`, `timeslots_public_bookable`, `timeslots_out_of_office`) VALUES
('4725021d-7c3c-4473-89b7-456beebed582', '452dccfc-975e-11e5-bfa5-c8e0eb18c1e9', '4529821e-975e-11e5-bbaf-c8e0eb18c1e9', '2019-04-26T14:30:00', '2019-04-26T15:00:00', 'True', 'False'),
('a932da1e-5968-4056-a223-1af47f8265bf', '452dccfc-975e-11e5-bfa5-c8e0eb18c1e9', '4529821e-975e-11e5-bbaf-c8e0eb18c1e9', '2019-04-26T15:00:00', '2019-04-26T15:30:00', 'True', 'False'),
('c5dc1888-fd0c-4a0c-8f74-2200d7b2887d', '452dccfc-975e-11e5-bfa5-c8e0eb18c1e9', '4529821e-975e-11e5-bbaf-c8e0eb18c1e9', '2019-04-26T15:30:00', '2019-04-26T16:00:00', 'True', 'False'),
('250c1cc9-63f3-4054-8a99-885e1a54dfdf', '452dccfc-975e-11e5-bfa5-c8e0eb18c1e9', '4529821e-975e-11e5-bbaf-c8e0eb18c1e9', '2019-04-26T16:00:00', '2019-04-26T16:30:00', 'True', 'False'),
('0023f143-346c-4a6b-9ae5-9384166883c2', '452dccfc-975e-11e5-bfa5-c8e0eb18c1e9', '4529821e-975e-11e5-bbaf-c8e0eb18c1e9', '2019-04-26T16:30:00', '2019-04-26T17:00:00', 'True', 'False'),
('e992f512-c844-4413-a8fe-248356f99bd2', '452dccfc-975e-11e5-bfa5-c8e0eb18c1e9', '4529821e-975e-11e5-bbaf-c8e0eb18c1e9', '2019-04-26T17:00:00', '2019-04-26T17:30:00', 'True', 'False'),
('528f6df4-e026-4495-ad34-2e67fef249b8', '452dccfc-975e-11e5-bfa5-c8e0eb18c1e9', '4529821e-975e-11e5-bbaf-c8e0eb18c1e9', '2019-04-26T17:30:00', '2019-04-26T18:00:00', 'True', 'False'),
('a1899a67-b5d4-4276-9e3d-8494abe64469', '452dccfc-975e-11e5-bfa5-c8e0eb18c1e9', '452935de-975e-11e5-ae1a-c8e0eb18c1e9', '2019-04-26T18:00:00', '2019-04-26T18:15:00', 'True', 'False'),
('362ad6b6-2edc-4472-85b2-939023fe6294', '452dccfc-975e-11e5-bfa5-c8e0eb18c1e9', '452935de-975e-11e5-ae1a-c8e0eb18c1e9', '2019-04-26T18:15:00', '2019-04-26T18:30:00', 'True', 'False'),
('3772c1ef-bcee-4e1c-8c2c-e7a32fdcf25b', '452dccfc-975e-11e5-bfa5-c8e0eb18c1e9', '452935de-975e-11e5-ae1a-c8e0eb18c1e9', '2019-04-26T18:30:00', '2019-04-26T18:45:00', 'True', 'False'),
('1e424a4f-bc09-4646-a610-75bc62adc58d', '452dccfc-975e-11e5-bfa5-c8e0eb18c1e9', '452935de-975e-11e5-ae1a-c8e0eb18c1e9', '2019-04-26T18:45:00', '2019-04-26T19:00:00', 'True', 'False'),
('d48be230-e944-4de8-acfc-19206caa85c6', '452dccfc-975e-11e5-bfa5-c8e0eb18c1e9', '452935de-975e-11e5-ae1a-c8e0eb18c1e9', '2019-04-26T19:00:00', '2019-04-26T19:15:00', 'True', 'False'),
('65c6e2fa-d8b5-4d4e-85e6-4746a3128809', '452dccfc-975e-11e5-bfa5-c8e0eb18c1e9', '4529821e-975e-11e5-bbaf-c8e0eb18c1e9', '2019-04-26T19:15:00', '2019-04-26T19:45:00', 'True', 'False'),
('2e62df16-0a5f-4984-b420-73fb34d75bd7', '452dccfc-975e-11e5-bfa5-c8e0eb18c1e9', '4529821e-975e-11e5-bbaf-c8e0eb18c1e9', '2019-04-26T19:45:00', '2019-04-26T20:15:00', 'True', 'False'),
('049256fa-514c-455a-bfe3-975fc6fb227e', '452dccfc-975e-11e5-bfa5-c8e0eb18c1e9', '4529821e-975e-11e5-bbaf-c8e0eb18c1e9', '2019-04-27T08:00:00', '2019-04-27T08:30:00', 'True', 'False'),
('8e54169c-b1b0-4443-9bc3-fffc86644663', '452dccfc-975e-11e5-bfa5-c8e0eb18c1e9', '4529821e-975e-11e5-bbaf-c8e0eb18c1e9', '2019-04-27T08:30:00', '2019-04-27T09:00:00', 'True', 'False'),
('93ecc56d-f76f-4fac-a798-8e5e519ebe0e', '452dccfc-975e-11e5-bfa5-c8e0eb18c1e9', '4529821e-975e-11e5-bbaf-c8e0eb18c1e9', '2019-04-27T09:00:00', '2019-04-27T09:30:00', 'True', 'False'),
('78a9202a-63be-45cc-8e81-08ce2adff6a8', '452dccfc-975e-11e5-bfa5-c8e0eb18c1e9', '4529821e-975e-11e5-bbaf-c8e0eb18c1e9', '2019-04-27T09:30:00', '2019-04-27T10:00:00', 'True', 'False'),
('cef6be99-8225-430c-af50-0c9329f74229', '452dccfc-975e-11e5-bfa5-c8e0eb18c1e9', '4529821e-975e-11e5-bbaf-c8e0eb18c1e9', '2019-04-27T10:00:00', '2019-04-27T10:30:00', 'True', 'False'),
('429903c5-6b6d-4146-8ae4-cb8c7de33f02', '452dccfc-975e-11e5-bfa5-c8e0eb18c1e9', '452935de-975e-11e5-ae1a-c8e0eb18c1e9', '2019-04-27T10:30:00', '2019-04-27T10:45:00', 'True', 'False'),
('89405933-c307-463c-bc44-f21797100fcd', '452dccfc-975e-11e5-bfa5-c8e0eb18c1e9', '452935de-975e-11e5-ae1a-c8e0eb18c1e9', '2019-04-27T10:45:00', '2019-04-27T11:00:00', 'True', 'False'),
('5d6deb3e-cfdd-4b9f-beec-e0345b26bce2', '452dccfc-975e-11e5-bfa5-c8e0eb18c1e9', '452935de-975e-11e5-ae1a-c8e0eb18c1e9', '2019-04-27T11:00:00', '2019-04-27T11:15:00', 'True', 'False'),
('29be054d-7992-4131-b70b-d1532ed71b51', '452dccfc-975e-11e5-bfa5-c8e0eb18c1e9', '452935de-975e-11e5-ae1a-c8e0eb18c1e9', '2019-04-27T11:15:00', '2019-04-27T11:30:00', 'True', 'False'),
('b78818aa-122e-4123-b8ef-2867ec670cde', '452dccfc-975e-11e5-bfa5-c8e0eb18c1e9', '452935de-975e-11e5-ae1a-c8e0eb18c1e9', '2019-04-27T11:30:00', '2019-04-27T11:45:00', 'True', 'False'),
('d76c17a9-dc63-45a8-93e2-b4f77b785d15', '452dccfc-975e-11e5-bfa5-c8e0eb18c1e9', '4529821e-975e-11e5-bbaf-c8e0eb18c1e9', '2019-04-27T11:45:00', '2019-04-27T12:15:00', 'True', 'False'),
('b7d6856d-654b-4e95-b0ca-6337cd52f4d2', '452dccfc-975e-11e5-bfa5-c8e0eb18c1e9', '4529821e-975e-11e5-bbaf-c8e0eb18c1e9', '2019-04-27T12:15:00', '2019-04-27T12:45:00', 'True', 'False'),
('1b702dad-54ba-40ec-b4db-5b416c35deca', '452dccfc-975e-11e5-bfa5-c8e0eb18c1e9', '4529821e-975e-11e5-bbaf-c8e0eb18c1e9', '2019-04-27T12:45:00', '2019-04-27T13:15:00', 'True', 'False'),
('e7dc2d06-ef38-4df8-855d-dc645872fcb2', '452dccfc-975e-11e5-bfa5-c8e0eb18c1e9', '4529821e-975e-11e5-bbaf-c8e0eb18c1e9', '2019-04-27T13:15:00', '2019-04-27T13:45:00', 'True', 'False'),
('a30f1b5c-e5f6-462d-855e-92714e653b8c', '452dccfc-975e-11e5-bfa5-c8e0eb18c1e9', '4529821e-975e-11e5-bbaf-c8e0eb18c1e9', '2019-04-27T13:45:00', '2019-04-27T14:15:00', 'True', 'False'),
('2d0ea457-9bf2-46cd-bf67-9fb0263a5888', '452dccfc-975e-11e5-bfa5-c8e0eb18c1e9', '452935de-975e-11e5-ae1a-c8e0eb18c1e9', '2019-04-27T14:15:00', '2019-04-27T14:30:00', 'True', 'False'),
('8c9746cd-a606-4656-80e3-8ac5b8ab6a24', '452dccfc-975e-11e5-bfa5-c8e0eb18c1e9', '452935de-975e-11e5-ae1a-c8e0eb18c1e9', '2019-04-27T14:30:00', '2019-04-27T14:45:00', 'True', 'False'),
('4440f5a1-b606-4104-885e-a562a3e17124', '452dccfc-975e-11e5-bfa5-c8e0eb18c1e9', '452935de-975e-11e5-ae1a-c8e0eb18c1e9', '2019-04-27T14:45:00', '2019-04-27T15:00:00', 'True', 'False'),
('09e47d01-e883-4ac9-bd2b-4a2087715330', '452dccfc-975e-11e5-bfa5-c8e0eb18c1e9', '452935de-975e-11e5-ae1a-c8e0eb18c1e9', '2019-04-27T15:00:00', '2019-04-27T15:15:00', 'True', 'False'),
('860fce2c-bc04-47a7-aecd-fc8a86ac10fa', '452dccfc-975e-11e5-bfa5-c8e0eb18c1e9', '452935de-975e-11e5-ae1a-c8e0eb18c1e9', '2019-04-27T15:15:00', '2019-04-27T15:30:00', 'True', 'False'),
('617bc0b4-c04f-4534-92fd-0412cb9c2a8b', '452dccfc-975e-11e5-bfa5-c8e0eb18c1e9', '4529821e-975e-11e5-bbaf-c8e0eb18c1e9', '2019-04-27T15:30:00', '2019-04-27T16:00:00', 'True', 'False'),
('ffd2174c-ecba-46da-b8bb-f192c549314a', '452dccfc-975e-11e5-bfa5-c8e0eb18c1e9', '4529821e-975e-11e5-bbaf-c8e0eb18c1e9', '2019-04-27T16:00:00', '2019-04-27T16:30:00', 'True', 'False'),
('2494a9cd-a99e-4109-a320-9dd8143aab6c', '452dccfc-975e-11e5-bfa5-c8e0eb18c1e9', '4529821e-975e-11e5-bbaf-c8e0eb18c1e9', '2019-04-27T16:30:00', '2019-04-27T17:00:00', 'True', 'False'),
('f7ca25dc-c066-4ff0-97bd-dddc4489b3c0', '452dccfc-975e-11e5-bfa5-c8e0eb18c1e9', '4529821e-975e-11e5-bbaf-c8e0eb18c1e9', '2019-04-27T17:00:00', '2019-04-27T17:30:00', 'True', 'False'),
('294c9fca-6c93-4475-8361-7548f96a8522', '452dccfc-975e-11e5-bfa5-c8e0eb18c1e9', '4529821e-975e-11e5-bbaf-c8e0eb18c1e9', '2019-04-27T17:30:00', '2019-04-27T18:00:00', 'True', 'False'),
('570805c3-4511-4eb0-ac5e-8dedd7dd9203', '452dccfc-975e-11e5-bfa5-c8e0eb18c1e9', '452935de-975e-11e5-ae1a-c8e0eb18c1e9', '2019-04-27T18:00:00', '2019-04-27T18:15:00', 'True', 'False'),
('55b616c7-fe83-438f-8091-7937227a6d20', '452dccfc-975e-11e5-bfa5-c8e0eb18c1e9', '452935de-975e-11e5-ae1a-c8e0eb18c1e9', '2019-04-27T18:15:00', '2019-04-27T18:30:00', 'True', 'False'),
('acd7ce22-a758-46a6-b930-c6a5f06082c3', '452dccfc-975e-11e5-bfa5-c8e0eb18c1e9', '452935de-975e-11e5-ae1a-c8e0eb18c1e9', '2019-04-27T18:30:00', '2019-04-27T18:45:00', 'True', 'False'),
('07a185cc-2512-4c00-bb09-0d1e1d407a11', '452dccfc-975e-11e5-bfa5-c8e0eb18c1e9', '452935de-975e-11e5-ae1a-c8e0eb18c1e9', '2019-04-27T18:45:00', '2019-04-27T19:00:00', 'True', 'False'),
('0c03fbbe-8acd-4466-9e08-9a5b8097a918', '452dccfc-975e-11e5-bfa5-c8e0eb18c1e9', '452935de-975e-11e5-ae1a-c8e0eb18c1e9', '2019-04-27T19:00:00', '2019-04-27T19:15:00', 'True', 'False'),
('d423351c-27b4-4438-b95a-6f019368636b', '452dccfc-975e-11e5-bfa5-c8e0eb18c1e9', '4529821e-975e-11e5-bbaf-c8e0eb18c1e9', '2019-04-27T19:15:00', '2019-04-27T19:45:00', 'True', 'False'),
('715b68b7-6b33-42c7-a298-c72fb0528571', '452dccfc-975e-11e5-bfa5-c8e0eb18c1e9', '4529821e-975e-11e5-bbaf-c8e0eb18c1e9', '2019-04-27T19:45:00', '2019-04-27T20:15:00', 'True', 'False'),
('2dfb4ae6-6715-4e19-b0d5-a14e5b62ef93', '48644c7a-975e-11e5-a090-c8e0eb18c1e9', '452935de-975e-11e5-ae1a-c8e0eb18c1e9', '2019-04-23T08:00:00', '2019-04-23T08:15:00', 'True', 'False'),
('1fc34a8c-5545-4b96-ac43-8eaac74be1fc', '48644c7a-975e-11e5-a090-c8e0eb18c1e9', '452935de-975e-11e5-ae1a-c8e0eb18c1e9', '2019-04-23T08:15:00', '2019-04-23T08:30:00', 'True', 'False'),
('ac133aeb-5fe2-485a-8d15-16153e6f8e98', '48644c7a-975e-11e5-a090-c8e0eb18c1e9', '452935de-975e-11e5-ae1a-c8e0eb18c1e9', '2019-04-23T08:30:00', '2019-04-23T08:45:00', 'True', 'False'),
('6430020f-a8d4-4819-a231-013a3f1c87d7', '48644c7a-975e-11e5-a090-c8e0eb18c1e9', '452935de-975e-11e5-ae1a-c8e0eb18c1e9', '2019-04-23T08:45:00', '2019-04-23T09:00:00', 'True', 'False'),
('ac24f7cb-fc69-4d5b-93a8-6796eab44d07', '48644c7a-975e-11e5-a090-c8e0eb18c1e9', '452935de-975e-11e5-ae1a-c8e0eb18c1e9', '2019-04-23T09:00:00', '2019-04-23T09:15:00', 'True', 'False'),
('2c07c6b7-108d-4b61-a9ac-6bf3df882cf6', '48644c7a-975e-11e5-a090-c8e0eb18c1e9', '4529821e-975e-11e5-bbaf-c8e0eb18c1e9', '2019-04-23T09:15:00', '2019-04-23T09:45:00', 'True', 'False'),
('3a62ad12-b6d9-467e-b36f-c2ecdbd7d883', '48644c7a-975e-11e5-a090-c8e0eb18c1e9', '4529821e-975e-11e5-bbaf-c8e0eb18c1e9', '2019-04-23T09:45:00', '2019-04-23T10:15:00', 'True', 'False'),
('419eeccc-71e3-44c3-b609-c09920f00ace', '48644c7a-975e-11e5-a090-c8e0eb18c1e9', '4529821e-975e-11e5-bbaf-c8e0eb18c1e9', '2019-04-23T10:15:00', '2019-04-23T10:45:00', 'True', 'False'),
('a3cf1b94-caeb-4571-82fc-f453e369692e', '48644c7a-975e-11e5-a090-c8e0eb18c1e9', '4529821e-975e-11e5-bbaf-c8e0eb18c1e9', '2019-04-23T10:45:00', '2019-04-23T11:15:00', 'True', 'False'),
('ecb250b4-5dbd-4137-afeb-09b8e6b31f4b', '48644c7a-975e-11e5-a090-c8e0eb18c1e9', '4529821e-975e-11e5-bbaf-c8e0eb18c1e9', '2019-04-23T11:15:00', '2019-04-23T11:45:00', 'True', 'False'),
('6b250a81-6a2a-41b9-be08-e61e94ee4549', '48644c7a-975e-11e5-a090-c8e0eb18c1e9', '4529821e-975e-11e5-bbaf-c8e0eb18c1e9', '2019-04-23T11:45:00', '2019-04-23T12:15:00', 'True', 'False'),
('1d0d425d-454d-4ab7-a65a-23950a62c1c7', '48644c7a-975e-11e5-a090-c8e0eb18c1e9', '4529821e-975e-11e5-bbaf-c8e0eb18c1e9', '2019-04-23T12:15:00', '2019-04-23T12:45:00', 'True', 'False'),
('dde70244-466b-453e-b27b-06f43759e91b', '48644c7a-975e-11e5-a090-c8e0eb18c1e9', '4529821e-975e-11e5-bbaf-c8e0eb18c1e9', '2019-04-23T12:45:00', '2019-04-23T13:15:00', 'True', 'False'),
('0d35f645-cddd-46a3-a87b-cba032e75a5c', '48644c7a-975e-11e5-a090-c8e0eb18c1e9', '4529821e-975e-11e5-bbaf-c8e0eb18c1e9', '2019-04-23T13:15:00', '2019-04-23T13:45:00', 'True', 'False'),
('f75c2e32-882e-4269-a95b-060377bb1ed2', '48644c7a-975e-11e5-a090-c8e0eb18c1e9', '4529821e-975e-11e5-bbaf-c8e0eb18c1e9', '2019-04-23T13:45:00', '2019-04-23T14:15:00', 'True', 'False'),
('1ef70a82-2e84-4d1c-b098-88d5dbfe695b', '48644c7a-975e-11e5-a090-c8e0eb18c1e9', '452935de-975e-11e5-ae1a-c8e0eb18c1e9', '2019-04-23T14:15:00', '2019-04-23T14:30:00', 'True', 'False'),
('df02d667-f90a-438e-8f05-6d4998650d88', '48644c7a-975e-11e5-a090-c8e0eb18c1e9', '452935de-975e-11e5-ae1a-c8e0eb18c1e9', '2019-04-23T14:30:00', '2019-04-23T14:45:00', 'True', 'False'),
('961ed998-e186-48ed-a009-cca1a02c3584', '48644c7a-975e-11e5-a090-c8e0eb18c1e9', '452935de-975e-11e5-ae1a-c8e0eb18c1e9', '2019-04-23T14:45:00', '2019-04-23T15:00:00', 'True', 'False'),
('084e3bce-8af1-4060-9e0e-6ad92a241add', '48644c7a-975e-11e5-a090-c8e0eb18c1e9', '452935de-975e-11e5-ae1a-c8e0eb18c1e9', '2019-04-23T15:00:00', '2019-04-23T15:15:00', 'True', 'False'),
('19fff7d6-ac95-481c-85cc-602fa9bfd7f5', '48644c7a-975e-11e5-a090-c8e0eb18c1e9', '452935de-975e-11e5-ae1a-c8e0eb18c1e9', '2019-04-23T15:15:00', '2019-04-23T15:30:00', 'True', 'False'),
('a86120f2-6e26-4e51-904a-c7145ef16250', '48644c7a-975e-11e5-a090-c8e0eb18c1e9', '452935de-975e-11e5-ae1a-c8e0eb18c1e9', '2019-04-23T15:30:00', '2019-04-23T15:45:00', 'True', 'False'),
('45da798d-250b-48f6-9e8f-cc21f4ba9fb0', '48644c7a-975e-11e5-a090-c8e0eb18c1e9', '452935de-975e-11e5-ae1a-c8e0eb18c1e9', '2019-04-23T15:45:00', '2019-04-23T16:00:00', 'True', 'False'),
('9152a684-eb98-4bdd-a7fb-ddeb54afa920', '48644c7a-975e-11e5-a090-c8e0eb18c1e9', '452935de-975e-11e5-ae1a-c8e0eb18c1e9', '2019-04-23T16:00:00', '2019-04-23T16:15:00', 'True', 'False'),
('2450f9c0-3355-42bb-9ff1-5148f222a070', '48644c7a-975e-11e5-a090-c8e0eb18c1e9', '452935de-975e-11e5-ae1a-c8e0eb18c1e9', '2019-04-23T16:15:00', '2019-04-23T16:30:00', 'True', 'False'),
('7997d7fa-1632-401c-94cd-9cf2c71b3ec8', '48644c7a-975e-11e5-a090-c8e0eb18c1e9', '452935de-975e-11e5-ae1a-c8e0eb18c1e9', '2019-04-23T16:30:00', '2019-04-23T16:45:00', 'True', 'False'),
('50f4c595-200f-4c2b-a250-3b66f1235892', '48644c7a-975e-11e5-a090-c8e0eb18c1e9', '452935de-975e-11e5-ae1a-c8e0eb18c1e9', '2019-04-23T16:45:00', '2019-04-23T17:00:00', 'True', 'False'),
('dc6765e0-0c3b-49dc-917f-f9cb4969d443', '48644c7a-975e-11e5-a090-c8e0eb18c1e9', '452935de-975e-11e5-ae1a-c8e0eb18c1e9', '2019-04-23T17:00:00', '2019-04-23T17:15:00', 'True', 'False'),
('1122aa66-712d-49b6-8848-8c9fd73378df', '48644c7a-975e-11e5-a090-c8e0eb18c1e9', '452935de-975e-11e5-ae1a-c8e0eb18c1e9', '2019-04-23T17:15:00', '2019-04-23T17:30:00', 'True', 'False'),
('b48ae28a-62ea-4b17-b917-0ad6084e67cc', '48644c7a-975e-11e5-a090-c8e0eb18c1e9', '452935de-975e-11e5-ae1a-c8e0eb18c1e9', '2019-04-23T17:30:00', '2019-04-23T17:45:00', 'True', 'False'),
('f8f4dd89-c4b4-4e14-9213-0dd295a7fdc1', '48644c7a-975e-11e5-a090-c8e0eb18c1e9', '452935de-975e-11e5-ae1a-c8e0eb18c1e9', '2019-04-23T17:45:00', '2019-04-23T18:00:00', 'True', 'False'),
('9e7c1ada-4ad7-495e-b7a0-1d3d8c2ccc34', '48644c7a-975e-11e5-a090-c8e0eb18c1e9', '452935de-975e-11e5-ae1a-c8e0eb18c1e9', '2019-04-23T18:00:00', '2019-04-23T18:15:00', 'True', 'False'),
('c9857803-2b5e-4e45-bd4d-e62547065d2e', '48644c7a-975e-11e5-a090-c8e0eb18c1e9', '452935de-975e-11e5-ae1a-c8e0eb18c1e9', '2019-04-23T18:15:00', '2019-04-23T18:30:00', 'True', 'False'),
('6d86c9e5-de0b-4d67-9efa-151f27bc79f3', '48644c7a-975e-11e5-a090-c8e0eb18c1e9', '452935de-975e-11e5-ae1a-c8e0eb18c1e9', '2019-04-23T18:30:00', '2019-04-23T18:45:00', 'True', 'False'),
('99981a9d-41c0-48fc-9952-8d5079b40d06', '48644c7a-975e-11e5-a090-c8e0eb18c1e9', '452935de-975e-11e5-ae1a-c8e0eb18c1e9', '2019-04-23T18:45:00', '2019-04-23T19:00:00', 'True', 'False'),
('cd4b90de-b623-486b-ac39-d07d0c621e7f', '48644c7a-975e-11e5-a090-c8e0eb18c1e9', '452935de-975e-11e5-ae1a-c8e0eb18c1e9', '2019-04-23T19:00:00', '2019-04-23T19:15:00', 'True', 'False'),
('bbbd6228-c3d8-4689-9500-6966ae3ffe8c', '48644c7a-975e-11e5-a090-c8e0eb18c1e9', '452935de-975e-11e5-ae1a-c8e0eb18c1e9', '2019-04-23T19:15:00', '2019-04-23T19:30:00', 'True', 'False'),
('bd48ab8b-babc-407e-bead-fb866c38d52d', '48644c7a-975e-11e5-a090-c8e0eb18c1e9', '452935de-975e-11e5-ae1a-c8e0eb18c1e9', '2019-04-23T19:30:00', '2019-04-23T19:45:00', 'True', 'False'),
('fe7a1b6d-b00f-4781-ac13-f7bd131ae265', '48644c7a-975e-11e5-a090-c8e0eb18c1e9', '452935de-975e-11e5-ae1a-c8e0eb18c1e9', '2019-04-23T19:45:00', '2019-04-23T20:00:00', 'True', 'False'),
('00a98089-0cbf-43e9-a665-6cc62172c9dd', '48644c7a-975e-11e5-a090-c8e0eb18c1e9', '452935de-975e-11e5-ae1a-c8e0eb18c1e9', '2019-04-24T08:00:00', '2019-04-24T08:15:00', 'True', 'False'),
('03f260ea-d378-4d8c-94fa-8b86dc1fde9f', '48644c7a-975e-11e5-a090-c8e0eb18c1e9', '452935de-975e-11e5-ae1a-c8e0eb18c1e9', '2019-04-24T08:15:00', '2019-04-24T08:30:00', 'True', 'False'),
('22104017-d5b8-4b43-b3b2-8423fae314eb', '48644c7a-975e-11e5-a090-c8e0eb18c1e9', '452935de-975e-11e5-ae1a-c8e0eb18c1e9', '2019-04-24T08:30:00', '2019-04-24T08:45:00', 'True', 'False'),
('5c4c2ac8-219b-4a55-8603-b9d6ac34d1b6', '48644c7a-975e-11e5-a090-c8e0eb18c1e9', '452935de-975e-11e5-ae1a-c8e0eb18c1e9', '2019-04-24T08:45:00', '2019-04-24T09:00:00', 'True', 'False'),
('eb436403-3028-4cc4-80d2-719c5663abf1', '48644c7a-975e-11e5-a090-c8e0eb18c1e9', '452935de-975e-11e5-ae1a-c8e0eb18c1e9', '2019-04-24T09:00:00', '2019-04-24T09:15:00', 'True', 'False'),
('577eb3e3-d4ba-4f74-b10b-b36327ace2b5', '48644c7a-975e-11e5-a090-c8e0eb18c1e9', '4529821e-975e-11e5-bbaf-c8e0eb18c1e9', '2019-04-24T09:15:00', '2019-04-24T09:45:00', 'True', 'False'),
('4b0a688e-3e9f-4635-acd4-32515db9b707', '48644c7a-975e-11e5-a090-c8e0eb18c1e9', '4529821e-975e-11e5-bbaf-c8e0eb18c1e9', '2019-04-24T09:45:00', '2019-04-24T10:15:00', 'True', 'False'),
('4995b546-be85-471d-b3ad-1a9bbf4e5d8b', '48644c7a-975e-11e5-a090-c8e0eb18c1e9', '4529821e-975e-11e5-bbaf-c8e0eb18c1e9', '2019-04-24T10:15:00', '2019-04-24T10:45:00', 'True', 'False'),
('225fc702-904e-4050-a0ce-75962b22b059', '48644c7a-975e-11e5-a090-c8e0eb18c1e9', '4529821e-975e-11e5-bbaf-c8e0eb18c1e9', '2019-04-24T10:45:00', '2019-04-24T11:15:00', 'True', 'False'),
('ecd86cf8-79bf-493f-a963-2aa74227be7a', '48644c7a-975e-11e5-a090-c8e0eb18c1e9', '4529821e-975e-11e5-bbaf-c8e0eb18c1e9', '2019-04-24T11:15:00', '2019-04-24T11:45:00', 'True', 'False'),
('f887a4d6-1125-49a8-bd53-509d509539bc', '48644c7a-975e-11e5-a090-c8e0eb18c1e9', '452935de-975e-11e5-ae1a-c8e0eb18c1e9', '2019-04-24T11:45:00', '2019-04-24T12:00:00', 'True', 'False'),
('93511743-a869-41bf-9cd1-563026b92c3f', '48644c7a-975e-11e5-a090-c8e0eb18c1e9', '452935de-975e-11e5-ae1a-c8e0eb18c1e9', '2019-04-24T12:00:00', '2019-04-24T12:15:00', 'True', 'False'),
('8ee1dd21-3886-4691-a4c0-b6ef4580bd12', '48644c7a-975e-11e5-a090-c8e0eb18c1e9', '452935de-975e-11e5-ae1a-c8e0eb18c1e9', '2019-04-24T12:15:00', '2019-04-24T12:30:00', 'True', 'False'),
('1c6a4a0c-74ac-4014-ba64-d690e9819ebb', '48644c7a-975e-11e5-a090-c8e0eb18c1e9', '452935de-975e-11e5-ae1a-c8e0eb18c1e9', '2019-04-24T12:30:00', '2019-04-24T12:45:00', 'True', 'False'),
('6ae0c493-3b27-4f56-a8bd-ce509d6063f8', '48644c7a-975e-11e5-a090-c8e0eb18c1e9', '452935de-975e-11e5-ae1a-c8e0eb18c1e9', '2019-04-24T12:45:00', '2019-04-24T13:00:00', 'True', 'False'),
('3bd274bd-252c-49ba-af6f-55fb70b67a56', '48644c7a-975e-11e5-a090-c8e0eb18c1e9', '4529821e-975e-11e5-bbaf-c8e0eb18c1e9', '2019-04-24T13:00:00', '2019-04-24T13:30:00', 'True', 'False'),
('89268982-978f-4523-bd06-a6c6f17756a8', '48644c7a-975e-11e5-a090-c8e0eb18c1e9', '4529821e-975e-11e5-bbaf-c8e0eb18c1e9', '2019-04-24T13:30:00', '2019-04-24T14:00:00', 'True', 'False'),
('89fa2c32-6e66-4cae-9179-8528d63e6448', '48644c7a-975e-11e5-a090-c8e0eb18c1e9', '4529821e-975e-11e5-bbaf-c8e0eb18c1e9', '2019-04-24T14:00:00', '2019-04-24T14:30:00', 'True', 'False'),
('5e8750bd-f2a2-4037-995d-294399ad2344', '48644c7a-975e-11e5-a090-c8e0eb18c1e9', '4529821e-975e-11e5-bbaf-c8e0eb18c1e9', '2019-04-24T14:30:00', '2019-04-24T15:00:00', 'True', 'False'),
('2258dcc9-e518-4442-80b4-3cf79c73e6a3', '48644c7a-975e-11e5-a090-c8e0eb18c1e9', '4529821e-975e-11e5-bbaf-c8e0eb18c1e9', '2019-04-24T15:00:00', '2019-04-24T15:30:00', 'True', 'False'),
('f9db97d5-c089-40f3-920d-36c734a98faa', '48644c7a-975e-11e5-a090-c8e0eb18c1e9', '452935de-975e-11e5-ae1a-c8e0eb18c1e9', '2019-04-24T15:30:00', '2019-04-24T15:45:00', 'True', 'False'),
('7bff2e47-69ed-4827-bd11-0f312497d864', '48644c7a-975e-11e5-a090-c8e0eb18c1e9', '452935de-975e-11e5-ae1a-c8e0eb18c1e9', '2019-04-24T15:45:00', '2019-04-24T16:00:00', 'True', 'False'),
('7be3f656-0779-4e97-95af-0976613fcec6', '48644c7a-975e-11e5-a090-c8e0eb18c1e9', '452935de-975e-11e5-ae1a-c8e0eb18c1e9', '2019-04-24T16:00:00', '2019-04-24T16:15:00', 'True', 'False'),
('ef4d3975-3f0d-4bb4-87b3-b6dcdd92d8ea', '48644c7a-975e-11e5-a090-c8e0eb18c1e9', '452935de-975e-11e5-ae1a-c8e0eb18c1e9', '2019-04-24T16:15:00', '2019-04-24T16:30:00', 'True', 'False'),
('b14b4fa4-644b-4bac-b195-c3fdb09bd06e', '48644c7a-975e-11e5-a090-c8e0eb18c1e9', '452935de-975e-11e5-ae1a-c8e0eb18c1e9', '2019-04-24T16:30:00', '2019-04-24T16:45:00', 'True', 'False'),
('2eabb9b9-9517-405a-a229-05e485a6a143', '48644c7a-975e-11e5-a090-c8e0eb18c1e9', '4529821e-975e-11e5-bbaf-c8e0eb18c1e9', '2019-04-24T16:45:00', '2019-04-24T17:15:00', 'True', 'False'),
('b97bcef1-c367-4d52-8ab4-06254a07457e', '48644c7a-975e-11e5-a090-c8e0eb18c1e9', '4529821e-975e-11e5-bbaf-c8e0eb18c1e9', '2019-04-24T17:15:00', '2019-04-24T17:45:00', 'True', 'False'),
('e1e20a39-70a1-43cb-8ac9-80163d073ae4', '48644c7a-975e-11e5-a090-c8e0eb18c1e9', '4529821e-975e-11e5-bbaf-c8e0eb18c1e9', '2019-04-24T17:45:00', '2019-04-24T18:15:00', 'True', 'False'),
('a2e2a0dd-e477-44af-a192-e108fa54d2c4', '48644c7a-975e-11e5-a090-c8e0eb18c1e9', '4529821e-975e-11e5-bbaf-c8e0eb18c1e9', '2019-04-24T18:15:00', '2019-04-24T18:45:00', 'True', 'False'),
('6aae504c-0355-4ef8-8a2c-401532cc54cd', '48644c7a-975e-11e5-a090-c8e0eb18c1e9', '4529821e-975e-11e5-bbaf-c8e0eb18c1e9', '2019-04-24T18:45:00', '2019-04-24T19:15:00', 'True', 'False'),
('0fbefa99-1b0a-40bf-9191-babc962211a3', '48644c7a-975e-11e5-a090-c8e0eb18c1e9', '452935de-975e-11e5-ae1a-c8e0eb18c1e9', '2019-04-24T19:15:00', '2019-04-24T19:30:00', 'True', 'False'),
('636dca14-89b4-40bd-b080-8a0efca47417', '48644c7a-975e-11e5-a090-c8e0eb18c1e9', '452935de-975e-11e5-ae1a-c8e0eb18c1e9', '2019-04-24T19:30:00', '2019-04-24T19:45:00', 'True', 'False'),
('ef663713-487a-48b2-b9dc-d08c7d9371fe', '48644c7a-975e-11e5-a090-c8e0eb18c1e9', '452935de-975e-11e5-ae1a-c8e0eb18c1e9', '2019-04-24T19:45:00', '2019-04-24T20:00:00', 'True', 'False'),
('d3489688-8355-4aff-accb-201f3c991e15', '48644c7a-975e-11e5-a090-c8e0eb18c1e9', '4529821e-975e-11e5-bbaf-c8e0eb18c1e9', '2019-04-25T08:00:00', '2019-04-25T08:30:00', 'True', 'False'),
('f77c98b2-a5e3-4f51-9dc7-c466c34da2c2', '48644c7a-975e-11e5-a090-c8e0eb18c1e9', '4529821e-975e-11e5-bbaf-c8e0eb18c1e9', '2019-04-25T08:30:00', '2019-04-25T09:00:00', 'True', 'False'),
('6c2f3f2f-f294-488e-b14c-8a1af69055a0', '48644c7a-975e-11e5-a090-c8e0eb18c1e9', '4529821e-975e-11e5-bbaf-c8e0eb18c1e9', '2019-04-25T09:00:00', '2019-04-25T09:30:00', 'True', 'False'),
('12ac4939-6198-4e90-8fc3-4e3a9339ed2c', '48644c7a-975e-11e5-a090-c8e0eb18c1e9', '4529821e-975e-11e5-bbaf-c8e0eb18c1e9', '2019-04-25T09:30:00', '2019-04-25T10:00:00', 'True', 'False'),
('7d276ad5-b990-4bd5-97fe-b32fa4cbdd11', '48644c7a-975e-11e5-a090-c8e0eb18c1e9', '4529821e-975e-11e5-bbaf-c8e0eb18c1e9', '2019-04-25T10:00:00', '2019-04-25T10:30:00', 'True', 'False'),
('c50ce870-51a2-4a14-95de-20d930c2b63c', '48644c7a-975e-11e5-a090-c8e0eb18c1e9', '4529821e-975e-11e5-bbaf-c8e0eb18c1e9', '2019-04-25T10:30:00', '2019-04-25T11:00:00', 'True', 'False'),
('00398b70-1153-4c18-9684-02da94b7b731', '48644c7a-975e-11e5-a090-c8e0eb18c1e9', '4529821e-975e-11e5-bbaf-c8e0eb18c1e9', '2019-04-25T11:00:00', '2019-04-25T11:30:00', 'True', 'False'),
('f2f79597-5ffd-4258-bff6-1f7730e86b85', '48644c7a-975e-11e5-a090-c8e0eb18c1e9', '4529821e-975e-11e5-bbaf-c8e0eb18c1e9', '2019-04-25T11:30:00', '2019-04-25T12:00:00', 'True', 'False'),
('6b4bb5ef-3188-4fc0-970f-be013a1996d9', '48644c7a-975e-11e5-a090-c8e0eb18c1e9', '4529821e-975e-11e5-bbaf-c8e0eb18c1e9', '2019-04-25T12:00:00', '2019-04-25T12:30:00', 'True', 'False'),
('a2f4cf2a-536a-450f-9ef0-f461316ea0de', '48644c7a-975e-11e5-a090-c8e0eb18c1e9', '4529821e-975e-11e5-bbaf-c8e0eb18c1e9', '2019-04-25T12:30:00', '2019-04-25T13:00:00', 'True', 'False'),
('4d90eb03-4de7-4dcb-b92c-c8669797ea4c', '48644c7a-975e-11e5-a090-c8e0eb18c1e9', '452935de-975e-11e5-ae1a-c8e0eb18c1e9', '2019-04-25T13:00:00', '2019-04-25T13:15:00', 'True', 'False'),
('0f59ce53-d327-490d-913a-deef94506211', '48644c7a-975e-11e5-a090-c8e0eb18c1e9', '452935de-975e-11e5-ae1a-c8e0eb18c1e9', '2019-04-25T13:15:00', '2019-04-25T13:30:00', 'True', 'False'),
('55af5c64-4cc1-4f75-afba-e9ac5d941c01', '48644c7a-975e-11e5-a090-c8e0eb18c1e9', '452935de-975e-11e5-ae1a-c8e0eb18c1e9', '2019-04-25T13:30:00', '2019-04-25T13:45:00', 'True', 'False'),
('0a5ab7f0-c969-4ab2-8722-8b74bce21bcc', '48644c7a-975e-11e5-a090-c8e0eb18c1e9', '452935de-975e-11e5-ae1a-c8e0eb18c1e9', '2019-04-25T13:45:00', '2019-04-25T14:00:00', 'True', 'False'),
('1bf9e1e5-1ddf-4a5a-918d-c5912c479551', '48644c7a-975e-11e5-a090-c8e0eb18c1e9', '452935de-975e-11e5-ae1a-c8e0eb18c1e9', '2019-04-25T14:00:00', '2019-04-25T14:15:00', 'True', 'False'),
('7f64b7ff-9534-46d2-b1be-20549f5043a0', '48644c7a-975e-11e5-a090-c8e0eb18c1e9', '452935de-975e-11e5-ae1a-c8e0eb18c1e9', '2019-04-25T14:15:00', '2019-04-25T14:30:00', 'True', 'False'),
('e221b6fc-4545-41ea-b16c-8ad1a51ad6f8', '48644c7a-975e-11e5-a090-c8e0eb18c1e9', '452935de-975e-11e5-ae1a-c8e0eb18c1e9', '2019-04-25T14:30:00', '2019-04-25T14:45:00', 'True', 'False'),
('02e9ddca-2502-4c31-b2a3-206ae4fb95c2', '48644c7a-975e-11e5-a090-c8e0eb18c1e9', '452935de-975e-11e5-ae1a-c8e0eb18c1e9', '2019-04-25T14:45:00', '2019-04-25T15:00:00', 'True', 'False'),
('79d1c3cd-fbd3-46aa-95ce-99526b03116d', '48644c7a-975e-11e5-a090-c8e0eb18c1e9', '452935de-975e-11e5-ae1a-c8e0eb18c1e9', '2019-04-25T15:00:00', '2019-04-25T15:15:00', 'True', 'False'),
('68625c16-9bb7-4a96-9a68-056c32568712', '48644c7a-975e-11e5-a090-c8e0eb18c1e9', '452935de-975e-11e5-ae1a-c8e0eb18c1e9', '2019-04-25T15:15:00', '2019-04-25T15:30:00', 'True', 'False'),
('f2955e29-a33a-4404-abff-28d6c99a5a79', '48644c7a-975e-11e5-a090-c8e0eb18c1e9', '452935de-975e-11e5-ae1a-c8e0eb18c1e9', '2019-04-25T15:30:00', '2019-04-25T15:45:00', 'True', 'False'),
('bb758f1b-0578-4759-a3a4-12aeed4f201c', '48644c7a-975e-11e5-a090-c8e0eb18c1e9', '452935de-975e-11e5-ae1a-c8e0eb18c1e9', '2019-04-25T15:45:00', '2019-04-25T16:00:00', 'True', 'False'),
('266d0c49-064a-42ec-abfa-198d45a14ddc', '48644c7a-975e-11e5-a090-c8e0eb18c1e9', '452935de-975e-11e5-ae1a-c8e0eb18c1e9', '2019-04-25T16:00:00', '2019-04-25T16:15:00', 'True', 'False'),
('ca05c750-971d-4266-a674-c682db7bac72', '48644c7a-975e-11e5-a090-c8e0eb18c1e9', '452935de-975e-11e5-ae1a-c8e0eb18c1e9', '2019-04-25T16:15:00', '2019-04-25T16:30:00', 'True', 'False'),
('45596e0c-9071-4052-98f2-c2204db92096', '48644c7a-975e-11e5-a090-c8e0eb18c1e9', '452935de-975e-11e5-ae1a-c8e0eb18c1e9', '2019-04-25T16:30:00', '2019-04-25T16:45:00', 'True', 'False'),
('ac8a8a28-ea27-4dff-aa78-42ac34be82a3', '48644c7a-975e-11e5-a090-c8e0eb18c1e9', '4529821e-975e-11e5-bbaf-c8e0eb18c1e9', '2019-04-25T16:45:00', '2019-04-25T17:15:00', 'True', 'False'),
('9dd54ea8-2583-4966-ac10-3024f0c6e84c', '48644c7a-975e-11e5-a090-c8e0eb18c1e9', '4529821e-975e-11e5-bbaf-c8e0eb18c1e9', '2019-04-25T17:15:00', '2019-04-25T17:45:00', 'True', 'False'),
('f673dce2-2b5f-414a-a4be-995dd47bfd98', '48644c7a-975e-11e5-a090-c8e0eb18c1e9', '4529821e-975e-11e5-bbaf-c8e0eb18c1e9', '2019-04-25T17:45:00', '2019-04-25T18:15:00', 'True', 'False'),
('453d70f1-c04e-42ac-9fe0-521b46366e5a', '48644c7a-975e-11e5-a090-c8e0eb18c1e9', '4529821e-975e-11e5-bbaf-c8e0eb18c1e9', '2019-04-25T18:15:00', '2019-04-25T18:45:00', 'True', 'False'),
('222e1035-3d26-4246-93c3-fcad49f61814', '48644c7a-975e-11e5-a090-c8e0eb18c1e9', '4529821e-975e-11e5-bbaf-c8e0eb18c1e9', '2019-04-25T18:45:00', '2019-04-25T19:15:00', 'True', 'False'),
('0bddb8c8-0276-4566-a778-69dd7facc8fa', '48644c7a-975e-11e5-a090-c8e0eb18c1e9', '452935de-975e-11e5-ae1a-c8e0eb18c1e9', '2019-04-25T19:15:00', '2019-04-25T19:30:00', 'True', 'False'),
('d4c5c1ea-ab28-4e46-b5ce-ca36fe4f6b1a', '48644c7a-975e-11e5-a090-c8e0eb18c1e9', '452935de-975e-11e5-ae1a-c8e0eb18c1e9', '2019-04-25T19:30:00', '2019-04-25T19:45:00', 'True', 'False'),
('9d156e41-b4ab-4360-adfa-5a8890cc7e83', '48644c7a-975e-11e5-a090-c8e0eb18c1e9', '452935de-975e-11e5-ae1a-c8e0eb18c1e9', '2019-04-25T19:45:00', '2019-04-25T20:00:00', 'True', 'False'),
('d33b1e6e-f434-451f-ba9a-84e0cc1035ce', '48644c7a-975e-11e5-a090-c8e0eb18c1e9', '4529821e-975e-11e5-bbaf-c8e0eb18c1e9', '2019-04-26T08:00:00', '2019-04-26T08:30:00', 'True', 'False'),
('6aba4c97-2aec-4786-b398-a39cdf73be63', '48644c7a-975e-11e5-a090-c8e0eb18c1e9', '4529821e-975e-11e5-bbaf-c8e0eb18c1e9', '2019-04-26T08:30:00', '2019-04-26T09:00:00', 'True', 'False'),
('0fc34927-c1b9-4c65-bdf4-cc09518036ea', '48644c7a-975e-11e5-a090-c8e0eb18c1e9', '4529821e-975e-11e5-bbaf-c8e0eb18c1e9', '2019-04-26T09:00:00', '2019-04-26T09:30:00', 'True', 'False'),
('ba3ec1b5-5388-4195-8084-c2d9e5b7a93a', '48644c7a-975e-11e5-a090-c8e0eb18c1e9', '4529821e-975e-11e5-bbaf-c8e0eb18c1e9', '2019-04-26T09:30:00', '2019-04-26T10:00:00', 'True', 'False'),
('82df7e21-5053-43f0-8a12-134df827badf', '48644c7a-975e-11e5-a090-c8e0eb18c1e9', '4529821e-975e-11e5-bbaf-c8e0eb18c1e9', '2019-04-26T10:00:00', '2019-04-26T10:30:00', 'True', 'False'),
('9daea935-c4bf-4cf1-880d-900c73866bdb', '48644c7a-975e-11e5-a090-c8e0eb18c1e9', '452935de-975e-11e5-ae1a-c8e0eb18c1e9', '2019-04-26T10:30:00', '2019-04-26T10:45:00', 'True', 'False'),
('41536c8b-1ee4-449f-b744-e696e2d59ebf', '48644c7a-975e-11e5-a090-c8e0eb18c1e9', '452935de-975e-11e5-ae1a-c8e0eb18c1e9', '2019-04-26T10:45:00', '2019-04-26T11:00:00', 'True', 'False'),
('f1f23bbe-9cea-4f5a-98d8-e4a0b646e925', '48644c7a-975e-11e5-a090-c8e0eb18c1e9', '452935de-975e-11e5-ae1a-c8e0eb18c1e9', '2019-04-26T11:00:00', '2019-04-26T11:15:00', 'True', 'False'),
('065cda24-0c8b-4766-ab6b-341f47e7c23b', '48644c7a-975e-11e5-a090-c8e0eb18c1e9', '452935de-975e-11e5-ae1a-c8e0eb18c1e9', '2019-04-26T11:15:00', '2019-04-26T11:30:00', 'True', 'False'),
('4e4ca059-3715-451d-8b48-734e617d3252', '48644c7a-975e-11e5-a090-c8e0eb18c1e9', '452935de-975e-11e5-ae1a-c8e0eb18c1e9', '2019-04-26T11:30:00', '2019-04-26T11:45:00', 'True', 'False'),
('37191c58-c90d-4552-bd94-86c1cb35d1e7', '48644c7a-975e-11e5-a090-c8e0eb18c1e9', '452935de-975e-11e5-ae1a-c8e0eb18c1e9', '2019-04-26T11:45:00', '2019-04-26T12:00:00', 'True', 'False'),
('4f609945-2958-4f30-9cf9-548155121a20', '48644c7a-975e-11e5-a090-c8e0eb18c1e9', '452935de-975e-11e5-ae1a-c8e0eb18c1e9', '2019-04-26T12:00:00', '2019-04-26T12:15:00', 'True', 'False'),
('19d9cfae-cb57-400f-9d84-bf6c5e79a085', '48644c7a-975e-11e5-a090-c8e0eb18c1e9', '452935de-975e-11e5-ae1a-c8e0eb18c1e9', '2019-04-26T12:15:00', '2019-04-26T12:30:00', 'True', 'False'),
('1bc90447-e65f-4ca7-84b3-3c3ac5a8f7a8', '48644c7a-975e-11e5-a090-c8e0eb18c1e9', '452935de-975e-11e5-ae1a-c8e0eb18c1e9', '2019-04-26T12:30:00', '2019-04-26T12:45:00', 'True', 'False'),
('9729c1eb-298d-413c-afb5-52b54e5398f9', '48644c7a-975e-11e5-a090-c8e0eb18c1e9', '452935de-975e-11e5-ae1a-c8e0eb18c1e9', '2019-04-26T12:45:00', '2019-04-26T13:00:00', 'True', 'False'),
('590aade4-c36b-48f8-b619-ea10b77af07e', '48644c7a-975e-11e5-a090-c8e0eb18c1e9', '452935de-975e-11e5-ae1a-c8e0eb18c1e9', '2019-04-26T13:00:00', '2019-04-26T13:15:00', 'True', 'False'),
('dde7dcb4-13d5-4632-b612-580838c9d1c6', '48644c7a-975e-11e5-a090-c8e0eb18c1e9', '452935de-975e-11e5-ae1a-c8e0eb18c1e9', '2019-04-26T13:15:00', '2019-04-26T13:30:00', 'True', 'False'),
('ef670f7c-dbdb-46f2-a3d1-c4ed4767551f', '48644c7a-975e-11e5-a090-c8e0eb18c1e9', '452935de-975e-11e5-ae1a-c8e0eb18c1e9', '2019-04-26T13:30:00', '2019-04-26T13:45:00', 'True', 'False'),
('80b005e0-c158-474a-8091-a8cfef26f421', '48644c7a-975e-11e5-a090-c8e0eb18c1e9', '452935de-975e-11e5-ae1a-c8e0eb18c1e9', '2019-04-26T13:45:00', '2019-04-26T14:00:00', 'True', 'False'),
('f4dffa25-dd20-4cdc-976c-141c1a0cfd57', '48644c7a-975e-11e5-a090-c8e0eb18c1e9', '452935de-975e-11e5-ae1a-c8e0eb18c1e9', '2019-04-26T14:00:00', '2019-04-26T14:15:00', 'True', 'False'),
('6f5125dc-f20b-40d6-9be0-80495717959b', '48644c7a-975e-11e5-a090-c8e0eb18c1e9', '452935de-975e-11e5-ae1a-c8e0eb18c1e9', '2019-04-26T14:15:00', '2019-04-26T14:30:00', 'True', 'False'),
('9b789988-ec1e-48f1-8994-3b2e4f710348', '48644c7a-975e-11e5-a090-c8e0eb18c1e9', '452935de-975e-11e5-ae1a-c8e0eb18c1e9', '2019-04-26T14:30:00', '2019-04-26T14:45:00', 'True', 'False'),
('8ca6139a-2c49-4b1c-90fb-6a9bb5e577d5', '48644c7a-975e-11e5-a090-c8e0eb18c1e9', '452935de-975e-11e5-ae1a-c8e0eb18c1e9', '2019-04-26T14:45:00', '2019-04-26T15:00:00', 'True', 'False'),
('56ab2844-9507-46f0-b53d-82c6925c457e', '48644c7a-975e-11e5-a090-c8e0eb18c1e9', '452935de-975e-11e5-ae1a-c8e0eb18c1e9', '2019-04-26T15:00:00', '2019-04-26T15:15:00', 'True', 'False'),
('1fe5036a-8049-4b0b-9995-7a710aab4800', '48644c7a-975e-11e5-a090-c8e0eb18c1e9', '452935de-975e-11e5-ae1a-c8e0eb18c1e9', '2019-04-26T15:15:00', '2019-04-26T15:30:00', 'True', 'False'),
('93aff9fa-b55d-49f7-86cb-a4971270564e', '48644c7a-975e-11e5-a090-c8e0eb18c1e9', '4529821e-975e-11e5-bbaf-c8e0eb18c1e9', '2019-04-26T15:30:00', '2019-04-26T16:00:00', 'True', 'False'),
('90d1ac70-9ea0-407e-90a9-97e5d9164fcb', '48644c7a-975e-11e5-a090-c8e0eb18c1e9', '4529821e-975e-11e5-bbaf-c8e0eb18c1e9', '2019-04-26T16:00:00', '2019-04-26T16:30:00', 'True', 'False'),
('27349b37-9f26-4d32-8030-ad506c53e439', '48644c7a-975e-11e5-a090-c8e0eb18c1e9', '4529821e-975e-11e5-bbaf-c8e0eb18c1e9', '2019-04-26T16:30:00', '2019-04-26T17:00:00', 'True', 'False'),
('18debe5f-1ebd-4625-bb7c-78c5d52448f2', '48644c7a-975e-11e5-a090-c8e0eb18c1e9', '4529821e-975e-11e5-bbaf-c8e0eb18c1e9', '2019-04-26T17:00:00', '2019-04-26T17:30:00', 'True', 'False'),
('7a262fc8-7157-44f8-a91e-91ec3204d85e', '48644c7a-975e-11e5-a090-c8e0eb18c1e9', '4529821e-975e-11e5-bbaf-c8e0eb18c1e9', '2019-04-26T17:30:00', '2019-04-26T18:00:00', 'True', 'False'),
('5e2d9534-96f1-4023-9b3e-4c6ace77cf80', '48644c7a-975e-11e5-a090-c8e0eb18c1e9', '452935de-975e-11e5-ae1a-c8e0eb18c1e9', '2019-04-26T18:00:00', '2019-04-26T18:15:00', 'True', 'False'),
('3c7c5d3e-d6dc-4ccb-bd05-0cd8f10f85ae', '48644c7a-975e-11e5-a090-c8e0eb18c1e9', '452935de-975e-11e5-ae1a-c8e0eb18c1e9', '2019-04-26T18:15:00', '2019-04-26T18:30:00', 'True', 'False'),
('4b5827a7-4ac5-41ad-b5bd-95b4f4b198a3', '48644c7a-975e-11e5-a090-c8e0eb18c1e9', '452935de-975e-11e5-ae1a-c8e0eb18c1e9', '2019-04-26T18:30:00', '2019-04-26T18:45:00', 'True', 'False'),
('e6290193-39c8-4a1f-8840-d36cc61ae860', '48644c7a-975e-11e5-a090-c8e0eb18c1e9', '452935de-975e-11e5-ae1a-c8e0eb18c1e9', '2019-04-26T18:45:00', '2019-04-26T19:00:00', 'True', 'False'),
('6f018735-583b-4798-b739-f6bc29532b1e', '48644c7a-975e-11e5-a090-c8e0eb18c1e9', '452935de-975e-11e5-ae1a-c8e0eb18c1e9', '2019-04-26T19:00:00', '2019-04-26T19:15:00', 'True', 'False'),
('f6f54045-1e2b-4294-9717-467701790e6c', '48644c7a-975e-11e5-a090-c8e0eb18c1e9', '4529821e-975e-11e5-bbaf-c8e0eb18c1e9', '2019-04-26T19:15:00', '2019-04-26T19:45:00', 'True', 'False'),
('82f13bb0-1c5d-4ddc-bee2-0627a0c300ff', '48644c7a-975e-11e5-a090-c8e0eb18c1e9', '4529821e-975e-11e5-bbaf-c8e0eb18c1e9', '2019-04-26T19:45:00', '2019-04-26T20:15:00', 'True', 'False'),
('9e159143-cbf4-4475-bad9-754ff880217e', '48644c7a-975e-11e5-a090-c8e0eb18c1e9', '4529821e-975e-11e5-bbaf-c8e0eb18c1e9', '2019-04-27T08:00:00', '2019-04-27T08:30:00', 'True', 'False'),
('16a2ef4c-848c-49cb-b6d0-fd3276fa97f8', '48644c7a-975e-11e5-a090-c8e0eb18c1e9', '4529821e-975e-11e5-bbaf-c8e0eb18c1e9', '2019-04-27T08:30:00', '2019-04-27T09:00:00', 'True', 'False'),
('8a40a59c-2c82-464e-922f-a6d69fd33013', '48644c7a-975e-11e5-a090-c8e0eb18c1e9', '4529821e-975e-11e5-bbaf-c8e0eb18c1e9', '2019-04-27T09:00:00', '2019-04-27T09:30:00', 'True', 'False'),
('9d91ca6f-6636-4803-8ae6-7de6db113e48', '48644c7a-975e-11e5-a090-c8e0eb18c1e9', '4529821e-975e-11e5-bbaf-c8e0eb18c1e9', '2019-04-27T09:30:00', '2019-04-27T10:00:00', 'True', 'False'),
('8c704cb9-317f-40f2-aac2-d242f782d2ab', '48644c7a-975e-11e5-a090-c8e0eb18c1e9', '4529821e-975e-11e5-bbaf-c8e0eb18c1e9', '2019-04-27T10:00:00', '2019-04-27T10:30:00', 'True', 'False'),
('59e8d48a-020e-4bd3-a431-c3985ce288da', '48644c7a-975e-11e5-a090-c8e0eb18c1e9', '452935de-975e-11e5-ae1a-c8e0eb18c1e9', '2019-04-27T10:30:00', '2019-04-27T10:45:00', 'True', 'False'),
('416e168d-605c-48ac-b8dc-fd02f7b5bb1e', '48644c7a-975e-11e5-a090-c8e0eb18c1e9', '452935de-975e-11e5-ae1a-c8e0eb18c1e9', '2019-04-27T10:45:00', '2019-04-27T11:00:00', 'True', 'False'),
('66afb2ca-1b63-4888-977b-9e91727a56bd', '48644c7a-975e-11e5-a090-c8e0eb18c1e9', '452935de-975e-11e5-ae1a-c8e0eb18c1e9', '2019-04-27T11:00:00', '2019-04-27T11:15:00', 'True', 'False'),
('dee7bfdf-af06-4dd9-a6b1-38e5d216a8ed', '48644c7a-975e-11e5-a090-c8e0eb18c1e9', '452935de-975e-11e5-ae1a-c8e0eb18c1e9', '2019-04-27T11:15:00', '2019-04-27T11:30:00', 'True', 'False'),
('5d0eaae9-7384-45aa-93e2-b7fcf0cf64bc', '48644c7a-975e-11e5-a090-c8e0eb18c1e9', '452935de-975e-11e5-ae1a-c8e0eb18c1e9', '2019-04-27T11:30:00', '2019-04-27T11:45:00', 'True', 'False'),
('637b2601-9a66-4aba-b043-6e1aefa6f2f3', '48644c7a-975e-11e5-a090-c8e0eb18c1e9', '4529821e-975e-11e5-bbaf-c8e0eb18c1e9', '2019-04-27T11:45:00', '2019-04-27T12:15:00', 'True', 'False'),
('f7348089-e1b8-4f98-8e54-a3c46c2f06cf', '48644c7a-975e-11e5-a090-c8e0eb18c1e9', '4529821e-975e-11e5-bbaf-c8e0eb18c1e9', '2019-04-27T12:15:00', '2019-04-27T12:45:00', 'True', 'False'),
('5e70dd9d-720b-470c-bcc6-7321d4f8db9d', '48644c7a-975e-11e5-a090-c8e0eb18c1e9', '4529821e-975e-11e5-bbaf-c8e0eb18c1e9', '2019-04-27T12:45:00', '2019-04-27T13:15:00', 'True', 'False'),
('59275a94-9ea3-4de0-8e7c-71ba5988f02b', '48644c7a-975e-11e5-a090-c8e0eb18c1e9', '4529821e-975e-11e5-bbaf-c8e0eb18c1e9', '2019-04-27T13:15:00', '2019-04-27T13:45:00', 'True', 'False'),
('aa41f8ba-34f8-4396-afe3-352a4a770c66', '48644c7a-975e-11e5-a090-c8e0eb18c1e9', '4529821e-975e-11e5-bbaf-c8e0eb18c1e9', '2019-04-27T13:45:00', '2019-04-27T14:15:00', 'True', 'False'),
('6fbe76a4-279d-4103-b5eb-023f1a8bc462', '48644c7a-975e-11e5-a090-c8e0eb18c1e9', '452935de-975e-11e5-ae1a-c8e0eb18c1e9', '2019-04-27T14:15:00', '2019-04-27T14:30:00', 'True', 'False'),
('91532e01-7d65-4f67-9946-f4ae92a04caf', '48644c7a-975e-11e5-a090-c8e0eb18c1e9', '452935de-975e-11e5-ae1a-c8e0eb18c1e9', '2019-04-27T14:30:00', '2019-04-27T14:45:00', 'True', 'False'),
('9a706306-0786-4ed7-887a-61d780be20b0', '48644c7a-975e-11e5-a090-c8e0eb18c1e9', '452935de-975e-11e5-ae1a-c8e0eb18c1e9', '2019-04-27T14:45:00', '2019-04-27T15:00:00', 'True', 'False'),
('d489913d-49da-45e5-8fc7-9ff6f6fa168b', '48644c7a-975e-11e5-a090-c8e0eb18c1e9', '452935de-975e-11e5-ae1a-c8e0eb18c1e9', '2019-04-27T15:00:00', '2019-04-27T15:15:00', 'True', 'False'),
('2907ff82-c3d2-45fb-839c-54360e3c1da5', '48644c7a-975e-11e5-a090-c8e0eb18c1e9', '452935de-975e-11e5-ae1a-c8e0eb18c1e9', '2019-04-27T15:15:00', '2019-04-27T15:30:00', 'True', 'False'),
('e098b844-e897-4ea5-95a2-437318f235a9', '48644c7a-975e-11e5-a090-c8e0eb18c1e9', '452935de-975e-11e5-ae1a-c8e0eb18c1e9', '2019-04-27T15:30:00', '2019-04-27T15:45:00', 'True', 'False'),
('181542e9-3738-410f-8eaf-cbcf6c87197f', '48644c7a-975e-11e5-a090-c8e0eb18c1e9', '452935de-975e-11e5-ae1a-c8e0eb18c1e9', '2019-04-27T15:45:00', '2019-04-27T16:00:00', 'True', 'False'),
('c82a1d29-2a1a-42b2-8356-025d846d5372', '48644c7a-975e-11e5-a090-c8e0eb18c1e9', '452935de-975e-11e5-ae1a-c8e0eb18c1e9', '2019-04-27T16:00:00', '2019-04-27T16:15:00', 'True', 'False'),
('f5056b6f-05e9-4695-ba0d-6eb86bf4aac1', '48644c7a-975e-11e5-a090-c8e0eb18c1e9', '452935de-975e-11e5-ae1a-c8e0eb18c1e9', '2019-04-27T16:15:00', '2019-04-27T16:30:00', 'True', 'False'),
('8f3c771c-3b70-4eb7-b91e-2cfd4693fbb7', '48644c7a-975e-11e5-a090-c8e0eb18c1e9', '452935de-975e-11e5-ae1a-c8e0eb18c1e9', '2019-04-27T16:30:00', '2019-04-27T16:45:00', 'True', 'False'),
('f2145b81-2425-4e78-bec6-51a84264c41d', '48644c7a-975e-11e5-a090-c8e0eb18c1e9', '452935de-975e-11e5-ae1a-c8e0eb18c1e9', '2019-04-27T16:45:00', '2019-04-27T17:00:00', 'True', 'False'),
('ca314051-47be-41b0-b212-24014c8d4742', '48644c7a-975e-11e5-a090-c8e0eb18c1e9', '452935de-975e-11e5-ae1a-c8e0eb18c1e9', '2019-04-27T17:00:00', '2019-04-27T17:15:00', 'True', 'False'),
('77e87e83-b257-469d-be1c-30b757ec8caf', '48644c7a-975e-11e5-a090-c8e0eb18c1e9', '452935de-975e-11e5-ae1a-c8e0eb18c1e9', '2019-04-27T17:15:00', '2019-04-27T17:30:00', 'True', 'False'),
('5e7a9a7c-d36f-453b-a52a-e12917b46088', '48644c7a-975e-11e5-a090-c8e0eb18c1e9', '452935de-975e-11e5-ae1a-c8e0eb18c1e9', '2019-04-27T17:30:00', '2019-04-27T17:45:00', 'True', 'False'),
('b97e74be-cb92-4f22-8d20-3f29bef60dc2', '48644c7a-975e-11e5-a090-c8e0eb18c1e9', '452935de-975e-11e5-ae1a-c8e0eb18c1e9', '2019-04-27T17:45:00', '2019-04-27T18:00:00', 'True', 'False'),
('76a61b80-6db9-488c-bb23-8444677b4ca1', '48644c7a-975e-11e5-a090-c8e0eb18c1e9', '4529821e-975e-11e5-bbaf-c8e0eb18c1e9', '2019-04-27T18:00:00', '2019-04-27T18:30:00', 'True', 'False'),
('67510439-6766-47bd-afd8-0e410d740c11', '48644c7a-975e-11e5-a090-c8e0eb18c1e9', '4529821e-975e-11e5-bbaf-c8e0eb18c1e9', '2019-04-27T18:30:00', '2019-04-27T19:00:00', 'True', 'False'),
('37653b50-78fa-4946-a8a9-c9364c79e176', '48644c7a-975e-11e5-a090-c8e0eb18c1e9', '4529821e-975e-11e5-bbaf-c8e0eb18c1e9', '2019-04-27T19:00:00', '2019-04-27T19:30:00', 'True', 'False'),
('07779185-a328-4d49-805d-5d0e2f075fb6', '48644c7a-975e-11e5-a090-c8e0eb18c1e9', '4529821e-975e-11e5-bbaf-c8e0eb18c1e9', '2019-04-27T19:30:00', '2019-04-27T20:00:00', 'True', 'False');

-- --------------------------------------------------------

--
-- Table structure for table `timeslottypes`
--

CREATE TABLE `timeslottypes` (
  `timeslottypes_id` varchar(36) CHARACTER SET utf8 DEFAULT NULL,
  `timeslottypes_name` varchar(11) CHARACTER SET utf8 DEFAULT NULL,
  `timeslottypes_slot_size` int(11) DEFAULT NULL,
  `timeslottypes_public_bookable` varchar(4) CHARACTER SET utf8 DEFAULT NULL,
  `timeslottypes_color` varchar(4) CHARACTER SET utf8 DEFAULT NULL,
  `timeslottypes_icon` varchar(9) CHARACTER SET utf8 DEFAULT NULL,
  `timeslottypes_clinic_id` varchar(36) CHARACTER SET utf8 DEFAULT NULL,
  `timeslottypes_deleted` int(11) DEFAULT NULL,
  `timeslottypes_out_of_office` varchar(5) CHARACTER SET utf8 DEFAULT NULL,
  `timeslottypes_enabled` varchar(5) CHARACTER SET utf8 DEFAULT NULL
) ENGINE=InnoDB DEFAULT CHARSET=utf8mb4;

--
-- Dumping data for table `timeslottypes`
--

INSERT INTO `timeslottypes` (`timeslottypes_id`, `timeslottypes_name`, `timeslottypes_slot_size`, `timeslottypes_public_bookable`, `timeslottypes_color`, `timeslottypes_icon`, `timeslottypes_clinic_id`, `timeslottypes_deleted`, `timeslottypes_out_of_office`, `timeslottypes_enabled`) VALUES
('452935de-975e-11e5-ae1a-c8e0eb18c1e9', 'Vanlig', 15, 'True', '#ccc', 'icon-home', '00000000-0000-4000-a002-000000000002', NULL, 'False', 'False'),
('4529821e-975e-11e5-bbaf-c8e0eb18c1e9', 'Lang vanlig', 30, 'True', '#999', 'icon-home', '00000000-0000-4000-a002-000000000002', NULL, 'False', 'False'),
('473787c2-975e-11e5-ae1a-c8e0eb18c1e9', 'Vanlig', 15, 'True', '#ccc', 'icon-home', '00000000-0000-4000-a002-000000000002', NULL, 'False', 'False'),
('4737c5de-975e-11e5-bbaf-c8e0eb18c1e9', 'Lang vanlig', 30, 'True', '#999', 'icon-home', '00000000-0000-4000-a002-000000000002', NULL, 'False', 'False');

--
-- Indexes for dumped tables
--

--
-- Indexes for table `doctors_details`
--
ALTER TABLE `doctors_details`
  ADD PRIMARY KEY (`id`);

--
-- AUTO_INCREMENT for dumped tables
--

--
-- AUTO_INCREMENT for table `doctors_details`
--
ALTER TABLE `doctors_details`
  MODIFY `id` int(11) NOT NULL AUTO_INCREMENT, AUTO_INCREMENT=4;
COMMIT;

/*!40101 SET CHARACTER_SET_CLIENT=@OLD_CHARACTER_SET_CLIENT */;
/*!40101 SET CHARACTER_SET_RESULTS=@OLD_CHARACTER_SET_RESULTS */;
/*!40101 SET COLLATION_CONNECTION=@OLD_COLLATION_CONNECTION */;
